<?xml version="1.0" encoding="UTF-8" ?>
<feature
	id="org.eclipse.babel.nls_eclipse_ja"
	label="Babel Language Pack for eclipse in Japanese (91.63%)"
	image="eclipse_update_120.jpg"
	provider-name="%providerName"
	version="4.8.0.v20180815020001">
	<copyright>
		%copyright
	</copyright>
	<license url="%licenseURL">
		%license
	</license>
	<description>Babel Language Pack for eclipse in Japanese</description>
	<plugin fragment="true" id="org.eclipse.ant.core.nl_ja" unpack="false" version="4.8.0.v20180815020001" download-size="5195" install-size="5195" />
	<plugin fragment="true" id="org.eclipse.ant.launching.nl_ja" unpack="false" version="4.8.0.v20180815020001" download-size="8575" install-size="8575" />
	<plugin fragment="true" id="org.eclipse.ant.tests.core.nl_ja" unpack="false" version="4.8.0.v20180815020001" download-size="1805" install-size="1805" />
	<plugin fragment="true" id="org.eclipse.ant.tests.ui.nl_ja" unpack="false" version="4.8.0.v20180815020001" download-size="1411" install-size="1411" />
	<plugin fragment="true" id="org.eclipse.ant.ui.nl_ja" unpack="false" version="4.8.0.v20180815020001" download-size="25238" install-size="25238" />
	<plugin fragment="true" id="org.eclipse.compare.core.nl_ja" unpack="false" version="4.8.0.v20180815020001" download-size="2515" install-size="2515" />
	<plugin fragment="true" id="org.eclipse.compare.examples.nl_ja" unpack="false" version="4.8.0.v20180815020001" download-size="2390" install-size="2390" />
	<plugin fragment="true" id="org.eclipse.compare.examples.xml.nl_ja" unpack="false" version="4.8.0.v20180815020001" download-size="3758" install-size="3758" />
	<plugin fragment="true" id="org.eclipse.compare.nl_ja" unpack="false" version="4.8.0.v20180815020001" download-size="16326" install-size="16326" />
	<plugin fragment="true" id="org.eclipse.compare.win32.nl_ja" unpack="false" version="4.8.0.v20180815020001" download-size="3361" install-size="3361" />
	<plugin fragment="true" id="org.eclipse.core.commands.nl_ja" unpack="false" version="4.8.0.v20180815020001" download-size="1393" install-size="1393" />
	<plugin fragment="true" id="org.eclipse.core.contenttype.nl_ja" unpack="false" version="4.8.0.v20180815020001" download-size="2771" install-size="2771" />
	<plugin fragment="true" id="org.eclipse.core.databinding.beans.nl_ja" unpack="false" version="4.8.0.v20180815020001" download-size="1428" install-size="1428" />
	<plugin fragment="true" id="org.eclipse.core.databinding.nl_ja" unpack="false" version="4.8.0.v20180815020001" download-size="2887" install-size="2887" />
	<plugin fragment="true" id="org.eclipse.core.databinding.observable.nl_ja" unpack="false" version="4.8.0.v20180815020001" download-size="1407" install-size="1407" />
	<plugin fragment="true" id="org.eclipse.core.databinding.property.nl_ja" unpack="false" version="4.8.0.v20180815020001" download-size="1435" install-size="1435" />
	<plugin fragment="true" id="org.eclipse.core.expressions.nl_ja" unpack="false" version="4.8.0.v20180815020001" download-size="3137" install-size="3137" />
	<plugin fragment="true" id="org.eclipse.core.externaltools.nl_ja" unpack="false" version="4.8.0.v20180815020001" download-size="4266" install-size="4266" />
	<plugin fragment="true" id="org.eclipse.core.filebuffers.nl_ja" unpack="false" version="4.8.0.v20180815020001" download-size="4449" install-size="4449" />
	<plugin fragment="true" id="org.eclipse.core.filesystem.linux.ppc64.nl_ja" unpack="false" version="4.8.0.v20180815020001" download-size="1441" install-size="1441" />
	<plugin fragment="true" id="org.eclipse.core.filesystem.linux.ppc64le.nl_ja" unpack="false" version="4.8.0.v20180815020001" download-size="1446" install-size="1446" />
	<plugin fragment="true" id="org.eclipse.core.filesystem.linux.x86.nl_ja" unpack="false" version="4.8.0.v20180815020001" download-size="1476" install-size="1476" />
	<plugin fragment="true" id="org.eclipse.core.filesystem.linux.x86_64.nl_ja" unpack="false" version="4.8.0.v20180815020001" download-size="1479" install-size="1479" />
	<plugin fragment="true" id="org.eclipse.core.filesystem.macosx.nl_ja" unpack="false" version="4.8.0.v20180815020001" download-size="1461" install-size="1461" />
	<plugin fragment="true" id="org.eclipse.core.filesystem.nl_ja" unpack="false" version="4.8.0.v20180815020001" download-size="3200" install-size="3200" />
	<plugin fragment="true" id="org.eclipse.core.filesystem.win32.x86.nl_ja" unpack="false" version="4.8.0.v20180815020001" download-size="1477" install-size="1477" />
	<plugin fragment="true" id="org.eclipse.core.filesystem.win32.x86_64.nl_ja" unpack="false" version="4.8.0.v20180815020001" download-size="1483" install-size="1483" />
	<plugin fragment="true" id="org.eclipse.core.jobs.nl_ja" unpack="false" version="4.8.0.v20180815020001" download-size="2557" install-size="2557" />
	<plugin fragment="true" id="org.eclipse.core.net.linux.x86.nl_ja" unpack="false" version="4.8.0.v20180815020001" download-size="1450" install-size="1450" />
	<plugin fragment="true" id="org.eclipse.core.net.linux.x86_64.nl_ja" unpack="false" version="4.8.0.v20180815020001" download-size="1466" install-size="1466" />
	<plugin fragment="true" id="org.eclipse.core.net.nl_ja" unpack="false" version="4.8.0.v20180815020001" download-size="2356" install-size="2356" />
	<plugin fragment="true" id="org.eclipse.core.net.win32.x86.nl_ja" unpack="false" version="4.8.0.v20180815020001" download-size="1459" install-size="1459" />
	<plugin fragment="true" id="org.eclipse.core.net.win32.x86_64.nl_ja" unpack="false" version="4.8.0.v20180815020001" download-size="1462" install-size="1462" />
	<plugin fragment="true" id="org.eclipse.core.resources.nl_ja" unpack="false" version="4.8.0.v20180815020001" download-size="10708" install-size="10708" />
	<plugin fragment="true" id="org.eclipse.core.runtime.nl_ja" unpack="false" version="4.8.0.v20180815020001" download-size="4241" install-size="4241" />
	<plugin fragment="true" id="org.eclipse.core.tests.runtime.nl_ja" unpack="false" version="4.8.0.v20180815020001" download-size="2513" install-size="2513" />
	<plugin fragment="true" id="org.eclipse.core.tools.nl_ja" unpack="false" version="4.8.0.v20180815020001" download-size="3163" install-size="3163" />
	<plugin fragment="true" id="org.eclipse.core.tools.resources.nl_ja" unpack="false" version="4.8.0.v20180815020001" download-size="1494" install-size="1494" />
	<plugin fragment="true" id="org.eclipse.core.variables.nl_ja" unpack="false" version="4.8.0.v20180815020001" download-size="2611" install-size="2611" />
	<plugin fragment="true" id="org.eclipse.cvs.nl_ja" unpack="false" version="4.8.0.v20180815020001" download-size="2027" install-size="2027" />
	<plugin fragment="true" id="org.eclipse.debug.core.nl_ja" unpack="false" version="4.8.0.v20180815020001" download-size="8055" install-size="8055" />
	<plugin fragment="true" id="org.eclipse.debug.examples.core.nl_ja" unpack="false" version="4.8.0.v20180815020001" download-size="1817" install-size="1817" />
	<plugin fragment="true" id="org.eclipse.debug.examples.memory.nl_ja" unpack="false" version="4.8.0.v20180815020001" download-size="2934" install-size="2934" />
	<plugin fragment="true" id="org.eclipse.debug.examples.mixedmode.nl_ja" unpack="false" version="4.8.0.v20180815020001" download-size="3107" install-size="3107" />
	<plugin fragment="true" id="org.eclipse.debug.examples.ui.nl_ja" unpack="false" version="4.8.0.v20180815020001" download-size="3193" install-size="3193" />
	<plugin fragment="true" id="org.eclipse.debug.ui.nl_ja" unpack="false" version="4.8.0.v20180815020001" download-size="39252" install-size="39252" />
	<plugin fragment="true" id="org.eclipse.e4.core.commands.nl_ja" unpack="false" version="4.8.0.v20180815020001" download-size="1407" install-size="1407" />
	<plugin fragment="true" id="org.eclipse.e4.core.contexts.nl_ja" unpack="false" version="4.8.0.v20180815020001" download-size="1404" install-size="1404" />
	<plugin fragment="true" id="org.eclipse.e4.core.di.annotations.nl_ja" unpack="false" version="4.8.0.v20180815020001" download-size="1654" install-size="1654" />
	<plugin fragment="true" id="org.eclipse.e4.core.di.extensions.nl_ja" unpack="false" version="4.8.0.v20180815020001" download-size="1421" install-size="1421" />
	<plugin fragment="true" id="org.eclipse.e4.core.di.extensions.supplier.nl_ja" unpack="false" version="4.8.0.v20180815020001" download-size="1664" install-size="1664" />
	<plugin fragment="true" id="org.eclipse.e4.core.di.nl_ja" unpack="false" version="4.8.0.v20180815020001" download-size="1403" install-size="1403" />
	<plugin fragment="true" id="org.eclipse.e4.core.services.nl_ja" unpack="false" version="4.8.0.v20180815020001" download-size="1416" install-size="1416" />
	<plugin fragment="true" id="org.eclipse.e4.demo.cssbridge.nl_ja" unpack="false" version="4.8.0.v20180815020001" download-size="1902" install-size="1902" />
	<plugin fragment="true" id="org.eclipse.e4.emf.xpath.nl_ja" unpack="false" version="4.8.0.v20180815020001" download-size="1624" install-size="1624" />
	<plugin fragment="true" id="org.eclipse.e4.tools.compat.nl_ja" unpack="false" version="4.8.0.v20180815020001" download-size="2643" install-size="2643" />
	<plugin fragment="true" id="org.eclipse.e4.tools.emf.editor3x.nl_ja" unpack="false" version="4.8.0.v20180815020001" download-size="3207" install-size="3207" />
	<plugin fragment="true" id="org.eclipse.e4.tools.emf.ui.nl_ja" unpack="false" version="4.8.0.v20180815020001" download-size="11670" install-size="11670" />
	<plugin fragment="true" id="org.eclipse.e4.tools.jdt.templates.nl_ja" unpack="false" version="4.8.0.v20180815020001" download-size="1417" install-size="1417" />
	<plugin fragment="true" id="org.eclipse.e4.tools.nl_ja" unpack="false" version="4.8.0.v20180815020001" download-size="4241" install-size="4241" />
	<plugin fragment="true" id="org.eclipse.e4.tools.services.nl_ja" unpack="false" version="4.8.0.v20180815020001" download-size="2689" install-size="2689" />
	<plugin fragment="true" id="org.eclipse.e4.ui.bindings.nl_ja" unpack="false" version="4.8.0.v20180815020001" download-size="1415" install-size="1415" />
	<plugin fragment="true" id="org.eclipse.e4.ui.css.core.nl_ja" unpack="false" version="4.8.0.v20180815020001" download-size="1483" install-size="1483" />
	<plugin fragment="true" id="org.eclipse.e4.ui.css.swt.nl_ja" unpack="false" version="4.8.0.v20180815020001" download-size="1401" install-size="1401" />
	<plugin fragment="true" id="org.eclipse.e4.ui.css.swt.theme.nl_ja" unpack="false" version="4.8.0.v20180815020001" download-size="1437" install-size="1437" />
	<plugin fragment="true" id="org.eclipse.e4.ui.di.nl_ja" unpack="false" version="4.8.0.v20180815020001" download-size="1405" install-size="1405" />
	<plugin fragment="true" id="org.eclipse.e4.ui.dialogs.nl_ja" unpack="false" version="4.8.0.v20180815020001" download-size="2496" install-size="2496" />
	<plugin fragment="true" id="org.eclipse.e4.ui.menu.tests.p3.nl_ja" unpack="false" version="4.8.0.v20180815020001" download-size="1575" install-size="1575" />
	<plugin fragment="true" id="org.eclipse.e4.ui.model.workbench.nl_ja" unpack="false" version="4.8.0.v20180815020001" download-size="1483" install-size="1483" />
	<plugin fragment="true" id="org.eclipse.e4.ui.progress.nl_ja" unpack="false" version="4.8.0.v20180815020001" download-size="4025" install-size="4025" />
	<plugin fragment="true" id="org.eclipse.e4.ui.services.nl_ja" unpack="false" version="4.8.0.v20180815020001" download-size="1419" install-size="1419" />
	<plugin fragment="true" id="org.eclipse.e4.ui.swt.gtk.nl_ja" unpack="false" version="4.8.0.v20180815020001" download-size="1426" install-size="1426" />
	<plugin fragment="true" id="org.eclipse.e4.ui.widgets.nl_ja" unpack="false" version="4.8.0.v20180815020001" download-size="1415" install-size="1415" />
	<plugin fragment="true" id="org.eclipse.e4.ui.workbench.addons.swt.nl_ja" unpack="false" version="4.8.0.v20180815020001" download-size="2835" install-size="2835" />
	<plugin fragment="true" id="org.eclipse.e4.ui.workbench.nl_ja" unpack="false" version="4.8.0.v20180815020001" download-size="1471" install-size="1471" />
	<plugin fragment="true" id="org.eclipse.e4.ui.workbench.renderers.swt.cocoa.nl_ja" unpack="false" version="4.8.0.v20180815020001" download-size="3179" install-size="3179" />
	<plugin fragment="true" id="org.eclipse.e4.ui.workbench.renderers.swt.nl_ja" unpack="false" version="4.8.0.v20180815020001" download-size="3858" install-size="3858" />
	<plugin fragment="true" id="org.eclipse.e4.ui.workbench.swt.nl_ja" unpack="false" version="4.8.0.v20180815020001" download-size="3634" install-size="3634" />
	<plugin fragment="true" id="org.eclipse.e4.ui.workbench3.nl_ja" unpack="false" version="4.8.0.v20180815020001" download-size="1447" install-size="1447" />
	<plugin fragment="true" id="org.eclipse.equinox.frameworkadmin.equinox.nl_ja" unpack="false" version="4.8.0.v20180815020001" download-size="3289" install-size="3289" />
	<plugin fragment="true" id="org.eclipse.equinox.frameworkadmin.nl_ja" unpack="false" version="4.8.0.v20180815020001" download-size="1422" install-size="1422" />
	<plugin fragment="true" id="org.eclipse.equinox.launcher.cocoa.macosx.x86_64.nl_ja" unpack="false" version="4.8.0.v20180815020001" download-size="1515" install-size="1515" />
	<plugin fragment="true" id="org.eclipse.equinox.launcher.gtk.aix.ppc64.nl_ja" unpack="false" version="4.8.0.v20180815020001" download-size="1524" install-size="1524" />
	<plugin fragment="true" id="org.eclipse.equinox.launcher.gtk.linux.aarch64.nl_ja" unpack="false" version="4.8.0.v20180815020001" download-size="1486" install-size="1486" />
	<plugin fragment="true" id="org.eclipse.equinox.launcher.gtk.linux.arm.nl_ja" unpack="false" version="4.8.0.v20180815020001" download-size="1468" install-size="1468" />
	<plugin fragment="true" id="org.eclipse.equinox.launcher.gtk.linux.ppc64.nl_ja" unpack="false" version="4.8.0.v20180815020001" download-size="1524" install-size="1524" />
	<plugin fragment="true" id="org.eclipse.equinox.launcher.gtk.linux.ppc64le.nl_ja" unpack="false" version="4.8.0.v20180815020001" download-size="1483" install-size="1483" />
	<plugin fragment="true" id="org.eclipse.equinox.launcher.gtk.linux.s390.nl_ja" unpack="false" version="4.8.0.v20180815020001" download-size="1515" install-size="1515" />
	<plugin fragment="true" id="org.eclipse.equinox.launcher.gtk.linux.s390x.nl_ja" unpack="false" version="4.8.0.v20180815020001" download-size="1518" install-size="1518" />
	<plugin fragment="true" id="org.eclipse.equinox.launcher.gtk.linux.x86.nl_ja" unpack="false" version="4.8.0.v20180815020001" download-size="1512" install-size="1512" />
	<plugin fragment="true" id="org.eclipse.equinox.launcher.gtk.linux.x86_64.nl_ja" unpack="false" version="4.8.0.v20180815020001" download-size="1527" install-size="1527" />
	<plugin fragment="true" id="org.eclipse.equinox.launcher.nl_ja" unpack="false" version="4.8.0.v20180815020001" download-size="1409" install-size="1409" />
	<plugin fragment="true" id="org.eclipse.equinox.launcher.win32.win32.x86.nl_ja" unpack="false" version="4.8.0.v20180815020001" download-size="1514" install-size="1514" />
	<plugin fragment="true" id="org.eclipse.equinox.launcher.win32.win32.x86_64.nl_ja" unpack="false" version="4.8.0.v20180815020001" download-size="1528" install-size="1528" />
	<plugin fragment="true" id="org.eclipse.equinox.p2.artifact.optimizers.nl_ja" unpack="false" version="4.8.0.v20180815020001" download-size="3001" install-size="3001" />
	<plugin fragment="true" id="org.eclipse.equinox.p2.artifact.processors.nl_ja" unpack="false" version="4.8.0.v20180815020001" download-size="1434" install-size="1434" />
	<plugin fragment="true" id="org.eclipse.equinox.p2.artifact.repository.nl_ja" unpack="false" version="4.8.0.v20180815020001" download-size="7077" install-size="7077" />
	<plugin fragment="true" id="org.eclipse.equinox.p2.console.nl_ja" unpack="false" version="4.8.0.v20180815020001" download-size="3119" install-size="3119" />
	<plugin fragment="true" id="org.eclipse.equinox.p2.core.nl_ja" unpack="false" version="4.8.0.v20180815020001" download-size="2798" install-size="2798" />
	<plugin fragment="true" id="org.eclipse.equinox.p2.director.app.nl_ja" unpack="false" version="4.8.0.v20180815020001" download-size="4879" install-size="4879" />
	<plugin fragment="true" id="org.eclipse.equinox.p2.director.nl_ja" unpack="false" version="4.8.0.v20180815020001" download-size="3699" install-size="3699" />
	<plugin fragment="true" id="org.eclipse.equinox.p2.directorywatcher.nl_ja" unpack="false" version="4.8.0.v20180815020001" download-size="3081" install-size="3081" />
	<plugin fragment="true" id="org.eclipse.equinox.p2.discovery.compatibility.nl_ja" unpack="false" version="4.8.0.v20180815020001" download-size="3929" install-size="3929" />
	<plugin fragment="true" id="org.eclipse.equinox.p2.discovery.nl_ja" unpack="false" version="4.8.0.v20180815020001" download-size="3654" install-size="3654" />
	<plugin fragment="true" id="org.eclipse.equinox.p2.engine.nl_ja" unpack="false" version="4.8.0.v20180815020001" download-size="4617" install-size="4617" />
	<plugin fragment="true" id="org.eclipse.equinox.p2.examples.rcp.cloud.nl_ja" unpack="false" version="4.8.0.v20180815020001" download-size="1514" install-size="1514" />
	<plugin fragment="true" id="org.eclipse.equinox.p2.examples.rcp.discovery.nl_ja" unpack="false" version="4.8.0.v20180815020001" download-size="1519" install-size="1519" />
	<plugin fragment="true" id="org.eclipse.equinox.p2.examples.rcp.sdkbundlevisibility.nl_ja" unpack="false" version="4.8.0.v20180815020001" download-size="3621" install-size="3621" />
	<plugin fragment="true" id="org.eclipse.equinox.p2.extensionlocation.nl_ja" unpack="false" version="4.8.0.v20180815020001" download-size="2890" install-size="2890" />
	<plugin fragment="true" id="org.eclipse.equinox.p2.garbagecollector.nl_ja" unpack="false" version="4.8.0.v20180815020001" download-size="2576" install-size="2576" />
	<plugin fragment="true" id="org.eclipse.equinox.p2.installer.nl_ja" unpack="false" version="4.8.0.v20180815020001" download-size="3881" install-size="3881" />
	<plugin fragment="true" id="org.eclipse.equinox.p2.jarprocessor.nl_ja" unpack="false" version="4.8.0.v20180815020001" download-size="1405" install-size="1405" />
	<plugin fragment="true" id="org.eclipse.equinox.p2.metadata.nl_ja" unpack="false" version="4.8.0.v20180815020001" download-size="3616" install-size="3616" />
	<plugin fragment="true" id="org.eclipse.equinox.p2.metadata.repository.nl_ja" unpack="false" version="4.8.0.v20180815020001" download-size="2941" install-size="2941" />
	<plugin fragment="true" id="org.eclipse.equinox.p2.operations.nl_ja" unpack="false" version="4.8.0.v20180815020001" download-size="3880" install-size="3880" />
	<plugin fragment="true" id="org.eclipse.equinox.p2.publisher.eclipse.nl_ja" unpack="false" version="4.8.0.v20180815020001" download-size="3819" install-size="3819" />
	<plugin fragment="true" id="org.eclipse.equinox.p2.publisher.nl_ja" unpack="false" version="4.8.0.v20180815020001" download-size="3498" install-size="3498" />
	<plugin fragment="true" id="org.eclipse.equinox.p2.reconciler.dropins.nl_ja" unpack="false" version="4.8.0.v20180815020001" download-size="2939" install-size="2939" />
	<plugin fragment="true" id="org.eclipse.equinox.p2.repository.nl_ja" unpack="false" version="4.8.0.v20180815020001" download-size="6106" install-size="6106" />
	<plugin fragment="true" id="org.eclipse.equinox.p2.repository.tools.nl_ja" unpack="false" version="4.8.0.v20180815020001" download-size="5862" install-size="5862" />
	<plugin fragment="true" id="org.eclipse.equinox.p2.tests.discovery.nl_ja" unpack="false" version="4.8.0.v20180815020001" download-size="1446" install-size="1446" />
	<plugin fragment="true" id="org.eclipse.equinox.p2.tests.ui.nl_ja" unpack="false" version="4.8.0.v20180815020001" download-size="1409" install-size="1409" />
	<plugin fragment="true" id="org.eclipse.equinox.p2.tests.verifier.nl_ja" unpack="false" version="4.8.0.v20180815020001" download-size="5135" install-size="5135" />
	<plugin fragment="true" id="org.eclipse.equinox.p2.touchpoint.eclipse.nl_ja" unpack="false" version="4.8.0.v20180815020001" download-size="5292" install-size="5292" />
	<plugin fragment="true" id="org.eclipse.equinox.p2.touchpoint.natives.nl_ja" unpack="false" version="4.8.0.v20180815020001" download-size="4041" install-size="4041" />
	<plugin fragment="true" id="org.eclipse.equinox.p2.transport.ecf.nl_ja" unpack="false" version="4.8.0.v20180815020001" download-size="3831" install-size="3831" />
	<plugin fragment="true" id="org.eclipse.equinox.p2.ui.admin.nl_ja" unpack="false" version="4.8.0.v20180815020001" download-size="3936" install-size="3936" />
	<plugin fragment="true" id="org.eclipse.equinox.p2.ui.admin.rcp.nl_ja" unpack="false" version="4.8.0.v20180815020001" download-size="2975" install-size="2975" />
	<plugin fragment="true" id="org.eclipse.equinox.p2.ui.discovery.nl_ja" unpack="false" version="4.8.0.v20180815020001" download-size="5187" install-size="5187" />
	<plugin fragment="true" id="org.eclipse.equinox.p2.ui.importexport.nl_ja" unpack="false" version="4.8.0.v20180815020001" download-size="4324" install-size="4324" />
	<plugin fragment="true" id="org.eclipse.equinox.p2.ui.nl_ja" unpack="false" version="4.8.0.v20180815020001" download-size="8819" install-size="8819" />
	<plugin fragment="true" id="org.eclipse.equinox.p2.ui.sdk.nl_ja" unpack="false" version="4.8.0.v20180815020001" download-size="3963" install-size="3963" />
	<plugin fragment="true" id="org.eclipse.equinox.p2.ui.sdk.scheduler.nl_ja" unpack="false" version="4.8.0.v20180815020001" download-size="5134" install-size="5134" />
	<plugin fragment="true" id="org.eclipse.equinox.p2.updatechecker.nl_ja" unpack="false" version="4.8.0.v20180815020001" download-size="1408" install-size="1408" />
	<plugin fragment="true" id="org.eclipse.equinox.p2.updatesite.nl_ja" unpack="false" version="4.8.0.v20180815020001" download-size="3320" install-size="3320" />
	<plugin fragment="true" id="org.eclipse.equinox.simpleconfigurator.manipulator.nl_ja" unpack="false" version="4.8.0.v20180815020001" download-size="1414" install-size="1414" />
	<plugin fragment="true" id="org.eclipse.equinox.simpleconfigurator.nl_ja" unpack="false" version="4.8.0.v20180815020001" download-size="1398" install-size="1398" />
	<plugin fragment="true" id="org.eclipse.help.base.nl_ja" unpack="false" version="4.8.0.v20180815020001" download-size="4662" install-size="4662" />
	<plugin fragment="true" id="org.eclipse.help.nl_ja" unpack="false" version="4.8.0.v20180815020001" download-size="1534" install-size="1534" />
	<plugin fragment="true" id="org.eclipse.help.ui.nl_ja" unpack="false" version="4.8.0.v20180815020001" download-size="6889" install-size="6889" />
	<plugin fragment="true" id="org.eclipse.help.webapp.nl_ja" unpack="false" version="4.8.0.v20180815020001" download-size="6353" install-size="6353" />
	<plugin fragment="true" id="org.eclipse.jdt.annotation.nl_ja" unpack="false" version="4.8.0.v20180815020001" download-size="1429" install-size="1429" />
	<plugin fragment="true" id="org.eclipse.jdt.annotation_v1.nl_ja" unpack="false" version="4.8.0.v20180815020001" download-size="1431" install-size="1431" />
	<plugin fragment="true" id="org.eclipse.jdt.apt.core.nl_ja" unpack="false" version="4.8.0.v20180815020001" download-size="4040" install-size="4040" />
	<plugin fragment="true" id="org.eclipse.jdt.apt.pluggable.core.nl_ja" unpack="false" version="4.8.0.v20180815020001" download-size="1469" install-size="1469" />
	<plugin fragment="true" id="org.eclipse.jdt.apt.ui.nl_ja" unpack="false" version="4.8.0.v20180815020001" download-size="4824" install-size="4824" />
	<plugin fragment="true" id="org.eclipse.jdt.astview.nl_ja" unpack="false" version="4.8.0.v20180815020001" download-size="1405" install-size="1405" />
	<plugin fragment="true" id="org.eclipse.jdt.compiler.apt.nl_ja" unpack="false" version="4.8.0.v20180815020001" download-size="1438" install-size="1438" />
	<plugin fragment="true" id="org.eclipse.jdt.compiler.tool.nl_ja" unpack="false" version="4.8.0.v20180815020001" download-size="1456" install-size="1456" />
	<plugin fragment="true" id="org.eclipse.jdt.core.manipulation.nl_ja" unpack="false" version="4.8.0.v20180815020001" download-size="5481" install-size="5481" />
	<plugin fragment="true" id="org.eclipse.jdt.core.nl_ja" unpack="false" version="4.8.0.v20180815020001" download-size="30126" install-size="30126" />
	<plugin fragment="true" id="org.eclipse.jdt.core.tests.builder.nl_ja" unpack="false" version="4.8.0.v20180815020001" download-size="1408" install-size="1408" />
	<plugin fragment="true" id="org.eclipse.jdt.core.tests.compiler.nl_ja" unpack="false" version="4.8.0.v20180815020001" download-size="1416" install-size="1416" />
	<plugin fragment="true" id="org.eclipse.jdt.core.tests.model.nl_ja" unpack="false" version="4.8.0.v20180815020001" download-size="12724" install-size="12724" />
	<plugin fragment="true" id="org.eclipse.jdt.core.tests.performance.nl_ja" unpack="false" version="4.8.0.v20180815020001" download-size="1424" install-size="1424" />
	<plugin fragment="true" id="org.eclipse.jdt.debug.nl_ja" unpack="false" version="4.8.0.v20180815020001" download-size="24885" install-size="24885" />
	<plugin fragment="true" id="org.eclipse.jdt.debug.ui.nl_ja" unpack="false" version="4.8.0.v20180815020001" download-size="35379" install-size="35379" />
	<plugin fragment="true" id="org.eclipse.jdt.doc.isv.nl_ja" unpack="false" version="4.8.0.v20180815020001" download-size="1426" install-size="1426" />
	<plugin fragment="true" id="org.eclipse.jdt.doc.user.nl_ja" unpack="false" version="4.8.0.v20180815020001" download-size="1417" install-size="1417" />
	<plugin fragment="true" id="org.eclipse.jdt.jeview.nl_ja" unpack="false" version="4.8.0.v20180815020001" download-size="1420" install-size="1420" />
	<plugin fragment="true" id="org.eclipse.jdt.junit.core.nl_ja" unpack="false" version="4.8.0.v20180815020001" download-size="4549" install-size="4549" />
	<plugin fragment="true" id="org.eclipse.jdt.junit.nl_ja" unpack="false" version="4.8.0.v20180815020001" download-size="11172" install-size="11172" />
	<plugin fragment="true" id="org.eclipse.jdt.junit.runtime.nl_ja" unpack="false" version="4.8.0.v20180815020001" download-size="3094" install-size="3094" />
	<plugin fragment="true" id="org.eclipse.jdt.junit4.runtime.nl_ja" unpack="false" version="4.8.0.v20180815020001" download-size="1439" install-size="1439" />
	<plugin fragment="true" id="org.eclipse.jdt.junit5.runtime.nl_ja" unpack="false" version="4.8.0.v20180815020001" download-size="1435" install-size="1435" />
	<plugin fragment="true" id="org.eclipse.jdt.launching.macosx.nl_ja" unpack="false" version="4.8.0.v20180815020001" download-size="2639" install-size="2639" />
	<plugin fragment="true" id="org.eclipse.jdt.launching.nl_ja" unpack="false" version="4.8.0.v20180815020001" download-size="8300" install-size="8300" />
	<plugin fragment="true" id="org.eclipse.jdt.launching.ui.macosx.nl_ja" unpack="false" version="4.8.0.v20180815020001" download-size="3416" install-size="3416" />
	<plugin fragment="true" id="org.eclipse.jdt.nl_ja" unpack="false" version="4.8.0.v20180815020001" download-size="1983" install-size="1983" />
	<plugin fragment="true" id="org.eclipse.jdt.tips.user.nl_ja" unpack="false" version="4.8.0.v20180815020001" download-size="2251" install-size="2251" />
	<plugin fragment="true" id="org.eclipse.jdt.ui.examples.javafamily.nl_ja" unpack="false" version="4.8.0.v20180815020001" download-size="3017" install-size="3017" />
	<plugin fragment="true" id="org.eclipse.jdt.ui.examples.projects.nl_ja" unpack="false" version="4.8.0.v20180815020001" download-size="2854" install-size="2854" />
	<plugin fragment="true" id="org.eclipse.jdt.ui.nl_ja" unpack="false" version="4.8.0.v20180815020001" download-size="194927" install-size="194927" />
	<plugin fragment="true" id="org.eclipse.jdt.ui.tests.refactoring.nl_ja" unpack="false" version="4.8.0.v20180815020001" download-size="1433" install-size="1433" />
	<plugin fragment="true" id="org.eclipse.jface.databinding.nl_ja" unpack="false" version="4.8.0.v20180815020001" download-size="1434" install-size="1434" />
	<plugin fragment="true" id="org.eclipse.jface.examples.databinding.nl_ja" unpack="false" version="4.8.0.v20180815020001" download-size="1430" install-size="1430" />
	<plugin fragment="true" id="org.eclipse.jface.nl_ja" unpack="false" version="4.8.0.v20180815020001" download-size="6645" install-size="6645" />
	<plugin fragment="true" id="org.eclipse.jface.tests.databinding.conformance.nl_ja" unpack="false" version="4.8.0.v20180815020001" download-size="1450" install-size="1450" />
	<plugin fragment="true" id="org.eclipse.jface.tests.databinding.nl_ja" unpack="false" version="4.8.0.v20180815020001" download-size="1427" install-size="1427" />
	<plugin fragment="true" id="org.eclipse.jface.text.nl_ja" unpack="false" version="4.8.0.v20180815020001" download-size="13609" install-size="13609" />
	<plugin fragment="true" id="org.eclipse.jsch.core.nl_ja" unpack="false" version="4.8.0.v20180815020001" download-size="2591" install-size="2591" />
	<plugin fragment="true" id="org.eclipse.jsch.ui.nl_ja" unpack="false" version="4.8.0.v20180815020001" download-size="4417" install-size="4417" />
	<plugin fragment="true" id="org.eclipse.ltk.core.refactoring.nl_ja" unpack="false" version="4.8.0.v20180815020001" download-size="6173" install-size="6173" />
	<plugin fragment="true" id="org.eclipse.ltk.ui.refactoring.nl_ja" unpack="false" version="4.8.0.v20180815020001" download-size="9220" install-size="9220" />
	<plugin fragment="true" id="org.eclipse.newMultiEditor.nl_ja" unpack="false" version="4.8.0.v20180815020001" download-size="1401" install-size="1401" />
	<plugin fragment="true" id="org.eclipse.osgi.compatibility.state.nl_ja" unpack="false" version="4.8.0.v20180815020001" download-size="3312" install-size="3312" />
	<plugin fragment="true" id="org.eclipse.osgi.nl_ja" unpack="false" version="4.8.0.v20180815020001" download-size="6991" install-size="6991" />
	<plugin fragment="true" id="org.eclipse.osgi.services.nl_ja" unpack="false" version="4.8.0.v20180815020001" download-size="1463" install-size="1463" />
	<plugin fragment="true" id="org.eclipse.osgi.util.nl_ja" unpack="false" version="4.8.0.v20180815020001" download-size="1440" install-size="1440" />
	<plugin fragment="true" id="org.eclipse.pde.api.tools.annotations.nl_ja" unpack="false" version="4.8.0.v20180815020001" download-size="1651" install-size="1651" />
	<plugin fragment="true" id="org.eclipse.pde.api.tools.ee.cdcfoundation10.nl_ja" unpack="false" version="4.8.0.v20180815020001" download-size="1469" install-size="1469" />
	<plugin fragment="true" id="org.eclipse.pde.api.tools.ee.cdcfoundation11.nl_ja" unpack="false" version="4.8.0.v20180815020001" download-size="1469" install-size="1469" />
	<plugin fragment="true" id="org.eclipse.pde.api.tools.ee.j2se12.nl_ja" unpack="false" version="4.8.0.v20180815020001" download-size="1438" install-size="1438" />
	<plugin fragment="true" id="org.eclipse.pde.api.tools.ee.j2se13.nl_ja" unpack="false" version="4.8.0.v20180815020001" download-size="1438" install-size="1438" />
	<plugin fragment="true" id="org.eclipse.pde.api.tools.ee.j2se14.nl_ja" unpack="false" version="4.8.0.v20180815020001" download-size="1437" install-size="1437" />
	<plugin fragment="true" id="org.eclipse.pde.api.tools.ee.j2se15.nl_ja" unpack="false" version="4.8.0.v20180815020001" download-size="1438" install-size="1438" />
	<plugin fragment="true" id="org.eclipse.pde.api.tools.ee.javase16.nl_ja" unpack="false" version="4.8.0.v20180815020001" download-size="1445" install-size="1445" />
	<plugin fragment="true" id="org.eclipse.pde.api.tools.ee.javase17.nl_ja" unpack="false" version="4.8.0.v20180815020001" download-size="1445" install-size="1445" />
	<plugin fragment="true" id="org.eclipse.pde.api.tools.ee.javase18.nl_ja" unpack="false" version="4.8.0.v20180815020001" download-size="1936" install-size="1936" />
	<plugin fragment="true" id="org.eclipse.pde.api.tools.ee.javase9.nl_ja" unpack="false" version="4.8.0.v20180815020001" download-size="1902" install-size="1902" />
	<plugin fragment="true" id="org.eclipse.pde.api.tools.ee.jre11.nl_ja" unpack="false" version="4.8.0.v20180815020001" download-size="1433" install-size="1433" />
	<plugin fragment="true" id="org.eclipse.pde.api.tools.ee.osgiminimum10.nl_ja" unpack="false" version="4.8.0.v20180815020001" download-size="1453" install-size="1453" />
	<plugin fragment="true" id="org.eclipse.pde.api.tools.ee.osgiminimum11.nl_ja" unpack="false" version="4.8.0.v20180815020001" download-size="1462" install-size="1462" />
	<plugin fragment="true" id="org.eclipse.pde.api.tools.ee.osgiminimum12.nl_ja" unpack="false" version="4.8.0.v20180815020001" download-size="1462" install-size="1462" />
	<plugin fragment="true" id="org.eclipse.pde.api.tools.generator.nl_ja" unpack="false" version="4.8.0.v20180815020001" download-size="1922" install-size="1922" />
	<plugin fragment="true" id="org.eclipse.pde.api.tools.nl_ja" unpack="false" version="4.8.0.v20180815020001" download-size="17711" install-size="17711" />
	<plugin fragment="true" id="org.eclipse.pde.api.tools.ui.nl_ja" unpack="false" version="4.8.0.v20180815020001" download-size="17113" install-size="17113" />
	<plugin fragment="true" id="org.eclipse.pde.build.nl_ja" unpack="false" version="4.8.0.v20180815020001" download-size="6959" install-size="6959" />
	<plugin fragment="true" id="org.eclipse.pde.core.nl_ja" unpack="false" version="4.8.0.v20180815020001" download-size="12238" install-size="12238" />
	<plugin fragment="true" id="org.eclipse.pde.doc.user.nl_ja" unpack="false" version="4.8.0.v20180815020001" download-size="1404" install-size="1404" />
	<plugin fragment="true" id="org.eclipse.pde.ds.annotations.nl_ja" unpack="false" version="4.8.0.v20180815020001" download-size="5271" install-size="5271" />
	<plugin fragment="true" id="org.eclipse.pde.ds.core.nl_ja" unpack="false" version="4.8.0.v20180815020001" download-size="3307" install-size="3307" />
	<plugin fragment="true" id="org.eclipse.pde.ds.lib.nl_ja" unpack="false" version="4.8.0.v20180815020001" download-size="1653" install-size="1653" />
	<plugin fragment="true" id="org.eclipse.pde.ds.ui.nl_ja" unpack="false" version="4.8.0.v20180815020001" download-size="3661" install-size="3661" />
	<plugin fragment="true" id="org.eclipse.pde.ds1_2.lib.nl_ja" unpack="false" version="4.8.0.v20180815020001" download-size="1656" install-size="1656" />
	<plugin fragment="true" id="org.eclipse.pde.genericeditor.extension.nl_ja" unpack="false" version="4.8.0.v20180815020001" download-size="4070" install-size="4070" />
	<plugin fragment="true" id="org.eclipse.pde.junit.runtime.nl_ja" unpack="false" version="4.8.0.v20180815020001" download-size="1419" install-size="1419" />
	<plugin fragment="true" id="org.eclipse.pde.launching.nl_ja" unpack="false" version="4.8.0.v20180815020001" download-size="3526" install-size="3526" />
	<plugin fragment="true" id="org.eclipse.pde.nl_ja" unpack="false" version="4.8.0.v20180815020001" download-size="2210" install-size="2210" />
	<plugin fragment="true" id="org.eclipse.pde.runtime.nl_ja" unpack="false" version="4.8.0.v20180815020001" download-size="3978" install-size="3978" />
	<plugin fragment="true" id="org.eclipse.pde.ua.core.nl_ja" unpack="false" version="4.8.0.v20180815020001" download-size="1511" install-size="1511" />
	<plugin fragment="true" id="org.eclipse.pde.ua.ui.nl_ja" unpack="false" version="4.8.0.v20180815020001" download-size="17013" install-size="17013" />
	<plugin fragment="true" id="org.eclipse.pde.ui.nl_ja" unpack="false" version="4.8.0.v20180815020001" download-size="53800" install-size="53800" />
	<plugin fragment="true" id="org.eclipse.pde.ui.templates.nl_ja" unpack="false" version="4.8.0.v20180815020001" download-size="10942" install-size="10942" />
	<plugin fragment="true" id="org.eclipse.platform.doc.isv.nl_ja" unpack="false" version="4.8.0.v20180815020001" download-size="1439" install-size="1439" />
	<plugin fragment="true" id="org.eclipse.platform.doc.user.nl_ja" unpack="false" version="4.8.0.v20180815020001" download-size="1418" install-size="1418" />
	<plugin fragment="true" id="org.eclipse.platform.nl_ja" unpack="false" version="4.8.0.v20180815020001" download-size="4224" install-size="4224" />
	<plugin fragment="true" id="org.eclipse.sdk.nl_ja" unpack="false" version="4.8.0.v20180815020001" download-size="3083" install-size="3083" />
	<plugin fragment="true" id="org.eclipse.search.nl_ja" unpack="false" version="4.8.0.v20180815020001" download-size="9611" install-size="9611" />
	<plugin fragment="true" id="org.eclipse.swt.examples.browser.demos.nl_ja" unpack="false" version="4.8.0.v20180815020001" download-size="2248" install-size="2248" />
	<plugin fragment="true" id="org.eclipse.swt.examples.launcher.nl_ja" unpack="false" version="4.8.0.v20180815020001" download-size="2356" install-size="2356" />
	<plugin fragment="true" id="org.eclipse.swt.examples.nl_ja" unpack="false" version="4.8.0.v20180815020001" download-size="22120" install-size="22120" />
	<plugin fragment="true" id="org.eclipse.swt.examples.ole.win32.nl_ja" unpack="false" version="4.8.0.v20180815020001" download-size="2429" install-size="2429" />
	<plugin fragment="true" id="org.eclipse.swt.examples.views.nl_ja" unpack="false" version="4.8.0.v20180815020001" download-size="2645" install-size="2645" />
	<plugin fragment="true" id="org.eclipse.swt.examples.watchdog.nl_ja" unpack="false" version="4.8.0.v20180815020001" download-size="1631" install-size="1631" />
	<plugin fragment="true" id="org.eclipse.swt.fragments.localbuild.nl_ja" unpack="false" version="4.8.0.v20180815020001" download-size="1434" install-size="1434" />
	<plugin fragment="true" id="org.eclipse.swt.nl_ja" unpack="false" version="4.8.0.v20180815020001" download-size="3572" install-size="3572" />
	<plugin fragment="true" id="org.eclipse.swt.opengl.examples.nl_ja" unpack="false" version="4.8.0.v20180815020001" download-size="1956" install-size="1956" />
	<plugin fragment="true" id="org.eclipse.swt.snippets.nl_ja" unpack="false" version="4.8.0.v20180815020001" download-size="1399" install-size="1399" />
	<plugin fragment="true" id="org.eclipse.swt.tools.base.nl_ja" unpack="false" version="4.8.0.v20180815020001" download-size="1419" install-size="1419" />
	<plugin fragment="true" id="org.eclipse.swt.tools.nl_ja" unpack="false" version="4.8.0.v20180815020001" download-size="1508" install-size="1508" />
	<plugin fragment="true" id="org.eclipse.swt.tools.spies.nl_ja" unpack="false" version="4.8.0.v20180815020001" download-size="1406" install-size="1406" />
	<plugin fragment="true" id="org.eclipse.team.core.nl_ja" unpack="false" version="4.8.0.v20180815020001" download-size="5069" install-size="5069" />
	<plugin fragment="true" id="org.eclipse.team.cvs.core.nl_ja" unpack="false" version="4.8.0.v20180815020001" download-size="9218" install-size="9218" />
	<plugin fragment="true" id="org.eclipse.team.cvs.ssh2.nl_ja" unpack="false" version="4.8.0.v20180815020001" download-size="3845" install-size="3845" />
	<plugin fragment="true" id="org.eclipse.team.cvs.ui.nl_ja" unpack="false" version="4.8.0.v20180815020001" download-size="29948" install-size="29948" />
	<plugin fragment="true" id="org.eclipse.team.examples.filesystem.nl_ja" unpack="false" version="4.8.0.v20180815020001" download-size="3536" install-size="3536" />
	<plugin fragment="true" id="org.eclipse.team.genericeditor.diff.extension.nl_ja" unpack="false" version="4.8.0.v20180815020001" download-size="1478" install-size="1478" />
	<plugin fragment="true" id="org.eclipse.team.tests.core.nl_ja" unpack="false" version="4.8.0.v20180815020001" download-size="1353" install-size="1353" />
	<plugin fragment="true" id="org.eclipse.team.tests.cvs.core.nl_ja" unpack="false" version="4.8.0.v20180815020001" download-size="1558" install-size="1558" />
	<plugin fragment="true" id="org.eclipse.team.ui.nl_ja" unpack="false" version="4.8.0.v20180815020001" download-size="16040" install-size="16040" />
	<plugin fragment="true" id="org.eclipse.text.nl_ja" unpack="false" version="4.8.0.v20180815020001" download-size="4515" install-size="4515" />
	<plugin fragment="true" id="org.eclipse.tips.core.nl_ja" unpack="false" version="4.8.0.v20180815020001" download-size="1654" install-size="1654" />
	<plugin fragment="true" id="org.eclipse.tips.ide.nl_ja" unpack="false" version="4.8.0.v20180815020001" download-size="2716" install-size="2716" />
	<plugin fragment="true" id="org.eclipse.tips.json.nl_ja" unpack="false" version="4.8.0.v20180815020001" download-size="1575" install-size="1575" />
	<plugin fragment="true" id="org.eclipse.tips.ui.nl_ja" unpack="false" version="4.8.0.v20180815020001" download-size="2634" install-size="2634" />
	<plugin fragment="true" id="org.eclipse.tools.layout.spy.nl_ja" unpack="false" version="4.8.0.v20180815020001" download-size="3334" install-size="3334" />
	<plugin fragment="true" id="org.eclipse.ui.browser.nl_ja" unpack="false" version="4.8.0.v20180815020001" download-size="3922" install-size="3922" />
	<plugin fragment="true" id="org.eclipse.ui.cheatsheets.nl_ja" unpack="false" version="4.8.0.v20180815020001" download-size="6467" install-size="6467" />
	<plugin fragment="true" id="org.eclipse.ui.cocoa.nl_ja" unpack="false" version="4.8.0.v20180815020001" download-size="1455" install-size="1455" />
	<plugin fragment="true" id="org.eclipse.ui.console.nl_ja" unpack="false" version="4.8.0.v20180815020001" download-size="3713" install-size="3713" />
	<plugin fragment="true" id="org.eclipse.ui.editors.nl_ja" unpack="false" version="4.8.0.v20180815020001" download-size="15929" install-size="15929" />
	<plugin fragment="true" id="org.eclipse.ui.examples.contributions.nl_ja" unpack="false" version="4.8.0.v20180815020001" download-size="3667" install-size="3667" />
	<plugin fragment="true" id="org.eclipse.ui.examples.fieldassist.nl_ja" unpack="false" version="4.8.0.v20180815020001" download-size="4005" install-size="4005" />
	<plugin fragment="true" id="org.eclipse.ui.examples.javaeditor.nl_ja" unpack="false" version="4.8.0.v20180815020001" download-size="4378" install-size="4378" />
	<plugin fragment="true" id="org.eclipse.ui.examples.job.nl_ja" unpack="false" version="4.8.0.v20180815020001" download-size="1417" install-size="1417" />
	<plugin fragment="true" id="org.eclipse.ui.examples.multipageeditor.nl_ja" unpack="false" version="4.8.0.v20180815020001" download-size="2526" install-size="2526" />
	<plugin fragment="true" id="org.eclipse.ui.examples.navigator.nl_ja" unpack="false" version="4.8.0.v20180815020001" download-size="1424" install-size="1424" />
	<plugin fragment="true" id="org.eclipse.ui.examples.propertysheet.nl_ja" unpack="false" version="4.8.0.v20180815020001" download-size="3980" install-size="3980" />
	<plugin fragment="true" id="org.eclipse.ui.examples.readmetool.nl_ja" unpack="false" version="4.8.0.v20180815020001" download-size="4814" install-size="4814" />
	<plugin fragment="true" id="org.eclipse.ui.examples.undo.nl_ja" unpack="false" version="4.8.0.v20180815020001" download-size="3013" install-size="3013" />
	<plugin fragment="true" id="org.eclipse.ui.examples.views.properties.tabbed.article.nl_ja" unpack="false" version="4.8.0.v20180815020001" download-size="1548" install-size="1548" />
	<plugin fragment="true" id="org.eclipse.ui.externaltools.nl_ja" unpack="false" version="4.8.0.v20180815020001" download-size="9673" install-size="9673" />
	<plugin fragment="true" id="org.eclipse.ui.forms.examples.nl_ja" unpack="false" version="4.8.0.v20180815020001" download-size="1464" install-size="1464" />
	<plugin fragment="true" id="org.eclipse.ui.forms.nl_ja" unpack="false" version="4.8.0.v20180815020001" download-size="2453" install-size="2453" />
	<plugin fragment="true" id="org.eclipse.ui.genericeditor.nl_ja" unpack="false" version="4.8.0.v20180815020001" download-size="2734" install-size="2734" />
	<plugin fragment="true" id="org.eclipse.ui.ide.application.nl_ja" unpack="false" version="4.8.0.v20180815020001" download-size="1878" install-size="1878" />
	<plugin fragment="true" id="org.eclipse.ui.ide.nl_ja" unpack="false" version="4.8.0.v20180815020001" download-size="44182" install-size="44182" />
	<plugin fragment="true" id="org.eclipse.ui.intro.nl_ja" unpack="false" version="4.8.0.v20180815020001" download-size="4088" install-size="4088" />
	<plugin fragment="true" id="org.eclipse.ui.intro.quicklinks.examples.nl_ja" unpack="false" version="4.8.0.v20180815020001" download-size="1609" install-size="1609" />
	<plugin fragment="true" id="org.eclipse.ui.intro.quicklinks.nl_ja" unpack="false" version="4.8.0.v20180815020001" download-size="1424" install-size="1424" />
	<plugin fragment="true" id="org.eclipse.ui.intro.universal.nl_ja" unpack="false" version="4.8.0.v20180815020001" download-size="15649" install-size="15649" />
	<plugin fragment="true" id="org.eclipse.ui.monitoring.nl_ja" unpack="false" version="4.8.0.v20180815020001" download-size="4036" install-size="4036" />
	<plugin fragment="true" id="org.eclipse.ui.navigator.nl_ja" unpack="false" version="4.8.0.v20180815020001" download-size="4470" install-size="4470" />
	<plugin fragment="true" id="org.eclipse.ui.navigator.resources.nl_ja" unpack="false" version="4.8.0.v20180815020001" download-size="4038" install-size="4038" />
	<plugin fragment="true" id="org.eclipse.ui.net.nl_ja" unpack="false" version="4.8.0.v20180815020001" download-size="2986" install-size="2986" />
	<plugin fragment="true" id="org.eclipse.ui.nl_ja" unpack="false" version="4.8.0.v20180815020001" download-size="6940" install-size="6940" />
	<plugin fragment="true" id="org.eclipse.ui.tests.navigator.nl_ja" unpack="false" version="4.8.0.v20180815020001" download-size="1541" install-size="1541" />
	<plugin fragment="true" id="org.eclipse.ui.tests.rcp.nl_ja" unpack="false" version="4.8.0.v20180815020001" download-size="1394" install-size="1394" />
	<plugin fragment="true" id="org.eclipse.ui.tests.views.properties.tabbed.nl_ja" unpack="false" version="4.8.0.v20180815020001" download-size="1574" install-size="1574" />
	<plugin fragment="true" id="org.eclipse.ui.themes.nl_ja" unpack="false" version="4.8.0.v20180815020001" download-size="1868" install-size="1868" />
	<plugin fragment="true" id="org.eclipse.ui.trace.nl_ja" unpack="false" version="4.8.0.v20180815020001" download-size="2787" install-size="2787" />
	<plugin fragment="true" id="org.eclipse.ui.views.log.nl_ja" unpack="false" version="4.8.0.v20180815020001" download-size="4198" install-size="4198" />
	<plugin fragment="true" id="org.eclipse.ui.views.nl_ja" unpack="false" version="4.8.0.v20180815020001" download-size="3445" install-size="3445" />
	<plugin fragment="true" id="org.eclipse.ui.views.properties.tabbed.nl_ja" unpack="false" version="4.8.0.v20180815020001" download-size="3283" install-size="3283" />
	<plugin fragment="true" id="org.eclipse.ui.win32.nl_ja" unpack="false" version="4.8.0.v20180815020001" download-size="2843" install-size="2843" />
	<plugin fragment="true" id="org.eclipse.ui.workbench.nl_ja" unpack="false" version="4.8.0.v20180815020001" download-size="33066" install-size="33066" />
	<plugin fragment="true" id="org.eclipse.ui.workbench.texteditor.nl_ja" unpack="false" version="4.8.0.v20180815020001" download-size="16010" install-size="16010" />
	<plugin fragment="true" id="org.eclipse.update.configurator.nl_ja" unpack="false" version="4.8.0.v20180815020001" download-size="3771" install-size="3771" />
	<plugin fragment="true" id="org.example.releng.nl_ja" unpack="false" version="4.8.0.v20180815020001" download-size="1688" install-size="1688" />
</feature>