<?xml version="1.0" encoding="UTF-8" ?>
<feature
	id="org.eclipse.babel.nls_eclipse_zh"
	label="Babel Language Pack for eclipse in Chinese (Simplified) (85.91%)"
	image="eclipse_update_120.jpg"
	provider-name="%providerName"
	version="4.8.0.v20180815020001">
	<copyright>
		%copyright
	</copyright>
	<license url="%licenseURL">
		%license
	</license>
	<description>Babel Language Pack for eclipse in Chinese (Simplified)</description>
	<plugin fragment="true" id="org.eclipse.ant.core.nl_zh" unpack="false" version="4.8.0.v20180815020001" download-size="4909" install-size="4909" />
	<plugin fragment="true" id="org.eclipse.ant.launching.nl_zh" unpack="false" version="4.8.0.v20180815020001" download-size="8115" install-size="8115" />
	<plugin fragment="true" id="org.eclipse.ant.tests.core.nl_zh" unpack="false" version="4.8.0.v20180815020001" download-size="1802" install-size="1802" />
	<plugin fragment="true" id="org.eclipse.ant.tests.ui.nl_zh" unpack="false" version="4.8.0.v20180815020001" download-size="1416" install-size="1416" />
	<plugin fragment="true" id="org.eclipse.ant.ui.nl_zh" unpack="false" version="4.8.0.v20180815020001" download-size="23528" install-size="23528" />
	<plugin fragment="true" id="org.eclipse.compare.core.nl_zh" unpack="false" version="4.8.0.v20180815020001" download-size="2492" install-size="2492" />
	<plugin fragment="true" id="org.eclipse.compare.examples.nl_zh" unpack="false" version="4.8.0.v20180815020001" download-size="2392" install-size="2392" />
	<plugin fragment="true" id="org.eclipse.compare.examples.xml.nl_zh" unpack="false" version="4.8.0.v20180815020001" download-size="3623" install-size="3623" />
	<plugin fragment="true" id="org.eclipse.compare.nl_zh" unpack="false" version="4.8.0.v20180815020001" download-size="15514" install-size="15514" />
	<plugin fragment="true" id="org.eclipse.compare.win32.nl_zh" unpack="false" version="4.8.0.v20180815020001" download-size="3269" install-size="3269" />
	<plugin fragment="true" id="org.eclipse.core.commands.nl_zh" unpack="false" version="4.8.0.v20180815020001" download-size="1399" install-size="1399" />
	<plugin fragment="true" id="org.eclipse.core.contenttype.nl_zh" unpack="false" version="4.8.0.v20180815020001" download-size="2710" install-size="2710" />
	<plugin fragment="true" id="org.eclipse.core.databinding.beans.nl_zh" unpack="false" version="4.8.0.v20180815020001" download-size="1433" install-size="1433" />
	<plugin fragment="true" id="org.eclipse.core.databinding.nl_zh" unpack="false" version="4.8.0.v20180815020001" download-size="2818" install-size="2818" />
	<plugin fragment="true" id="org.eclipse.core.databinding.observable.nl_zh" unpack="false" version="4.8.0.v20180815020001" download-size="1432" install-size="1432" />
	<plugin fragment="true" id="org.eclipse.core.databinding.property.nl_zh" unpack="false" version="4.8.0.v20180815020001" download-size="1433" install-size="1433" />
	<plugin fragment="true" id="org.eclipse.core.expressions.nl_zh" unpack="false" version="4.8.0.v20180815020001" download-size="3067" install-size="3067" />
	<plugin fragment="true" id="org.eclipse.core.externaltools.nl_zh" unpack="false" version="4.8.0.v20180815020001" download-size="4176" install-size="4176" />
	<plugin fragment="true" id="org.eclipse.core.filebuffers.nl_zh" unpack="false" version="4.8.0.v20180815020001" download-size="4223" install-size="4223" />
	<plugin fragment="true" id="org.eclipse.core.filesystem.linux.ppc64.nl_zh" unpack="false" version="4.8.0.v20180815020001" download-size="1445" install-size="1445" />
	<plugin fragment="true" id="org.eclipse.core.filesystem.linux.ppc64le.nl_zh" unpack="false" version="4.8.0.v20180815020001" download-size="1448" install-size="1448" />
	<plugin fragment="true" id="org.eclipse.core.filesystem.linux.x86.nl_zh" unpack="false" version="4.8.0.v20180815020001" download-size="1474" install-size="1474" />
	<plugin fragment="true" id="org.eclipse.core.filesystem.linux.x86_64.nl_zh" unpack="false" version="4.8.0.v20180815020001" download-size="1478" install-size="1478" />
	<plugin fragment="true" id="org.eclipse.core.filesystem.macosx.nl_zh" unpack="false" version="4.8.0.v20180815020001" download-size="1461" install-size="1461" />
	<plugin fragment="true" id="org.eclipse.core.filesystem.nl_zh" unpack="false" version="4.8.0.v20180815020001" download-size="3020" install-size="3020" />
	<plugin fragment="true" id="org.eclipse.core.filesystem.win32.x86.nl_zh" unpack="false" version="4.8.0.v20180815020001" download-size="1481" install-size="1481" />
	<plugin fragment="true" id="org.eclipse.core.filesystem.win32.x86_64.nl_zh" unpack="false" version="4.8.0.v20180815020001" download-size="1490" install-size="1490" />
	<plugin fragment="true" id="org.eclipse.core.jobs.nl_zh" unpack="false" version="4.8.0.v20180815020001" download-size="2531" install-size="2531" />
	<plugin fragment="true" id="org.eclipse.core.net.linux.x86.nl_zh" unpack="false" version="4.8.0.v20180815020001" download-size="1471" install-size="1471" />
	<plugin fragment="true" id="org.eclipse.core.net.linux.x86_64.nl_zh" unpack="false" version="4.8.0.v20180815020001" download-size="1479" install-size="1479" />
	<plugin fragment="true" id="org.eclipse.core.net.nl_zh" unpack="false" version="4.8.0.v20180815020001" download-size="2348" install-size="2348" />
	<plugin fragment="true" id="org.eclipse.core.net.win32.x86.nl_zh" unpack="false" version="4.8.0.v20180815020001" download-size="1472" install-size="1472" />
	<plugin fragment="true" id="org.eclipse.core.net.win32.x86_64.nl_zh" unpack="false" version="4.8.0.v20180815020001" download-size="1475" install-size="1475" />
	<plugin fragment="true" id="org.eclipse.core.resources.nl_zh" unpack="false" version="4.8.0.v20180815020001" download-size="10333" install-size="10333" />
	<plugin fragment="true" id="org.eclipse.core.runtime.nl_zh" unpack="false" version="4.8.0.v20180815020001" download-size="3974" install-size="3974" />
	<plugin fragment="true" id="org.eclipse.core.tests.runtime.nl_zh" unpack="false" version="4.8.0.v20180815020001" download-size="2034" install-size="2034" />
	<plugin fragment="true" id="org.eclipse.core.tools.nl_zh" unpack="false" version="4.8.0.v20180815020001" download-size="2870" install-size="2870" />
	<plugin fragment="true" id="org.eclipse.core.variables.nl_zh" unpack="false" version="4.8.0.v20180815020001" download-size="2578" install-size="2578" />
	<plugin fragment="true" id="org.eclipse.cvs.nl_zh" unpack="false" version="4.8.0.v20180815020001" download-size="2009" install-size="2009" />
	<plugin fragment="true" id="org.eclipse.debug.core.nl_zh" unpack="false" version="4.8.0.v20180815020001" download-size="8013" install-size="8013" />
	<plugin fragment="true" id="org.eclipse.debug.examples.core.nl_zh" unpack="false" version="4.8.0.v20180815020001" download-size="1901" install-size="1901" />
	<plugin fragment="true" id="org.eclipse.debug.examples.memory.nl_zh" unpack="false" version="4.8.0.v20180815020001" download-size="2722" install-size="2722" />
	<plugin fragment="true" id="org.eclipse.debug.examples.mixedmode.nl_zh" unpack="false" version="4.8.0.v20180815020001" download-size="1612" install-size="1612" />
	<plugin fragment="true" id="org.eclipse.debug.examples.ui.nl_zh" unpack="false" version="4.8.0.v20180815020001" download-size="3260" install-size="3260" />
	<plugin fragment="true" id="org.eclipse.debug.ui.nl_zh" unpack="false" version="4.8.0.v20180815020001" download-size="37461" install-size="37461" />
	<plugin fragment="true" id="org.eclipse.e4.core.commands.nl_zh" unpack="false" version="4.8.0.v20180815020001" download-size="1417" install-size="1417" />
	<plugin fragment="true" id="org.eclipse.e4.core.contexts.nl_zh" unpack="false" version="4.8.0.v20180815020001" download-size="1409" install-size="1409" />
	<plugin fragment="true" id="org.eclipse.e4.core.di.annotations.nl_zh" unpack="false" version="4.8.0.v20180815020001" download-size="1646" install-size="1646" />
	<plugin fragment="true" id="org.eclipse.e4.core.di.extensions.nl_zh" unpack="false" version="4.8.0.v20180815020001" download-size="1428" install-size="1428" />
	<plugin fragment="true" id="org.eclipse.e4.core.di.extensions.supplier.nl_zh" unpack="false" version="4.8.0.v20180815020001" download-size="1664" install-size="1664" />
	<plugin fragment="true" id="org.eclipse.e4.core.di.nl_zh" unpack="false" version="4.8.0.v20180815020001" download-size="1411" install-size="1411" />
	<plugin fragment="true" id="org.eclipse.e4.core.services.nl_zh" unpack="false" version="4.8.0.v20180815020001" download-size="1413" install-size="1413" />
	<plugin fragment="true" id="org.eclipse.e4.demo.cssbridge.nl_zh" unpack="false" version="4.8.0.v20180815020001" download-size="1449" install-size="1449" />
	<plugin fragment="true" id="org.eclipse.e4.emf.xpath.nl_zh" unpack="false" version="4.8.0.v20180815020001" download-size="1632" install-size="1632" />
	<plugin fragment="true" id="org.eclipse.e4.tools.compat.nl_zh" unpack="false" version="4.8.0.v20180815020001" download-size="2645" install-size="2645" />
	<plugin fragment="true" id="org.eclipse.e4.tools.emf.editor3x.nl_zh" unpack="false" version="4.8.0.v20180815020001" download-size="2876" install-size="2876" />
	<plugin fragment="true" id="org.eclipse.e4.tools.emf.ui.nl_zh" unpack="false" version="4.8.0.v20180815020001" download-size="7249" install-size="7249" />
	<plugin fragment="true" id="org.eclipse.e4.tools.jdt.templates.nl_zh" unpack="false" version="4.8.0.v20180815020001" download-size="1422" install-size="1422" />
	<plugin fragment="true" id="org.eclipse.e4.tools.nl_zh" unpack="false" version="4.8.0.v20180815020001" download-size="2863" install-size="2863" />
	<plugin fragment="true" id="org.eclipse.e4.tools.services.nl_zh" unpack="false" version="4.8.0.v20180815020001" download-size="2669" install-size="2669" />
	<plugin fragment="true" id="org.eclipse.e4.ui.bindings.nl_zh" unpack="false" version="4.8.0.v20180815020001" download-size="1414" install-size="1414" />
	<plugin fragment="true" id="org.eclipse.e4.ui.css.core.nl_zh" unpack="false" version="4.8.0.v20180815020001" download-size="1485" install-size="1485" />
	<plugin fragment="true" id="org.eclipse.e4.ui.css.swt.nl_zh" unpack="false" version="4.8.0.v20180815020001" download-size="1410" install-size="1410" />
	<plugin fragment="true" id="org.eclipse.e4.ui.css.swt.theme.nl_zh" unpack="false" version="4.8.0.v20180815020001" download-size="1445" install-size="1445" />
	<plugin fragment="true" id="org.eclipse.e4.ui.di.nl_zh" unpack="false" version="4.8.0.v20180815020001" download-size="1418" install-size="1418" />
	<plugin fragment="true" id="org.eclipse.e4.ui.dialogs.nl_zh" unpack="false" version="4.8.0.v20180815020001" download-size="2484" install-size="2484" />
	<plugin fragment="true" id="org.eclipse.e4.ui.menu.tests.p3.nl_zh" unpack="false" version="4.8.0.v20180815020001" download-size="1611" install-size="1611" />
	<plugin fragment="true" id="org.eclipse.e4.ui.model.workbench.nl_zh" unpack="false" version="4.8.0.v20180815020001" download-size="1483" install-size="1483" />
	<plugin fragment="true" id="org.eclipse.e4.ui.progress.nl_zh" unpack="false" version="4.8.0.v20180815020001" download-size="3863" install-size="3863" />
	<plugin fragment="true" id="org.eclipse.e4.ui.services.nl_zh" unpack="false" version="4.8.0.v20180815020001" download-size="1424" install-size="1424" />
	<plugin fragment="true" id="org.eclipse.e4.ui.swt.gtk.nl_zh" unpack="false" version="4.8.0.v20180815020001" download-size="1391" install-size="1391" />
	<plugin fragment="true" id="org.eclipse.e4.ui.widgets.nl_zh" unpack="false" version="4.8.0.v20180815020001" download-size="1427" install-size="1427" />
	<plugin fragment="true" id="org.eclipse.e4.ui.workbench.addons.swt.nl_zh" unpack="false" version="4.8.0.v20180815020001" download-size="2827" install-size="2827" />
	<plugin fragment="true" id="org.eclipse.e4.ui.workbench.nl_zh" unpack="false" version="4.8.0.v20180815020001" download-size="1473" install-size="1473" />
	<plugin fragment="true" id="org.eclipse.e4.ui.workbench.renderers.swt.cocoa.nl_zh" unpack="false" version="4.8.0.v20180815020001" download-size="3125" install-size="3125" />
	<plugin fragment="true" id="org.eclipse.e4.ui.workbench.renderers.swt.nl_zh" unpack="false" version="4.8.0.v20180815020001" download-size="3760" install-size="3760" />
	<plugin fragment="true" id="org.eclipse.e4.ui.workbench.swt.nl_zh" unpack="false" version="4.8.0.v20180815020001" download-size="3538" install-size="3538" />
	<plugin fragment="true" id="org.eclipse.e4.ui.workbench3.nl_zh" unpack="false" version="4.8.0.v20180815020001" download-size="1380" install-size="1380" />
	<plugin fragment="true" id="org.eclipse.equinox.frameworkadmin.equinox.nl_zh" unpack="false" version="4.8.0.v20180815020001" download-size="3467" install-size="3467" />
	<plugin fragment="true" id="org.eclipse.equinox.frameworkadmin.nl_zh" unpack="false" version="4.8.0.v20180815020001" download-size="1423" install-size="1423" />
	<plugin fragment="true" id="org.eclipse.equinox.launcher.cocoa.macosx.x86_64.nl_zh" unpack="false" version="4.8.0.v20180815020001" download-size="1539" install-size="1539" />
	<plugin fragment="true" id="org.eclipse.equinox.launcher.gtk.aix.ppc64.nl_zh" unpack="false" version="4.8.0.v20180815020001" download-size="1468" install-size="1468" />
	<plugin fragment="true" id="org.eclipse.equinox.launcher.gtk.linux.aarch64.nl_zh" unpack="false" version="4.8.0.v20180815020001" download-size="1433" install-size="1433" />
	<plugin fragment="true" id="org.eclipse.equinox.launcher.gtk.linux.arm.nl_zh" unpack="false" version="4.8.0.v20180815020001" download-size="1421" install-size="1421" />
	<plugin fragment="true" id="org.eclipse.equinox.launcher.gtk.linux.ppc64.nl_zh" unpack="false" version="4.8.0.v20180815020001" download-size="1474" install-size="1474" />
	<plugin fragment="true" id="org.eclipse.equinox.launcher.gtk.linux.ppc64le.nl_zh" unpack="false" version="4.8.0.v20180815020001" download-size="1436" install-size="1436" />
	<plugin fragment="true" id="org.eclipse.equinox.launcher.gtk.linux.s390.nl_zh" unpack="false" version="4.8.0.v20180815020001" download-size="1525" install-size="1525" />
	<plugin fragment="true" id="org.eclipse.equinox.launcher.gtk.linux.s390x.nl_zh" unpack="false" version="4.8.0.v20180815020001" download-size="1527" install-size="1527" />
	<plugin fragment="true" id="org.eclipse.equinox.launcher.gtk.linux.x86.nl_zh" unpack="false" version="4.8.0.v20180815020001" download-size="1517" install-size="1517" />
	<plugin fragment="true" id="org.eclipse.equinox.launcher.gtk.linux.x86_64.nl_zh" unpack="false" version="4.8.0.v20180815020001" download-size="1530" install-size="1530" />
	<plugin fragment="true" id="org.eclipse.equinox.launcher.nl_zh" unpack="false" version="4.8.0.v20180815020001" download-size="1420" install-size="1420" />
	<plugin fragment="true" id="org.eclipse.equinox.launcher.win32.win32.x86.nl_zh" unpack="false" version="4.8.0.v20180815020001" download-size="1520" install-size="1520" />
	<plugin fragment="true" id="org.eclipse.equinox.launcher.win32.win32.x86_64.nl_zh" unpack="false" version="4.8.0.v20180815020001" download-size="1531" install-size="1531" />
	<plugin fragment="true" id="org.eclipse.equinox.p2.artifact.optimizers.nl_zh" unpack="false" version="4.8.0.v20180815020001" download-size="2917" install-size="2917" />
	<plugin fragment="true" id="org.eclipse.equinox.p2.artifact.processors.nl_zh" unpack="false" version="4.8.0.v20180815020001" download-size="1392" install-size="1392" />
	<plugin fragment="true" id="org.eclipse.equinox.p2.artifact.repository.nl_zh" unpack="false" version="4.8.0.v20180815020001" download-size="5878" install-size="5878" />
	<plugin fragment="true" id="org.eclipse.equinox.p2.console.nl_zh" unpack="false" version="4.8.0.v20180815020001" download-size="2437" install-size="2437" />
	<plugin fragment="true" id="org.eclipse.equinox.p2.core.nl_zh" unpack="false" version="4.8.0.v20180815020001" download-size="2657" install-size="2657" />
	<plugin fragment="true" id="org.eclipse.equinox.p2.director.app.nl_zh" unpack="false" version="4.8.0.v20180815020001" download-size="2965" install-size="2965" />
	<plugin fragment="true" id="org.eclipse.equinox.p2.director.nl_zh" unpack="false" version="4.8.0.v20180815020001" download-size="2650" install-size="2650" />
	<plugin fragment="true" id="org.eclipse.equinox.p2.directorywatcher.nl_zh" unpack="false" version="4.8.0.v20180815020001" download-size="2992" install-size="2992" />
	<plugin fragment="true" id="org.eclipse.equinox.p2.discovery.compatibility.nl_zh" unpack="false" version="4.8.0.v20180815020001" download-size="2927" install-size="2927" />
	<plugin fragment="true" id="org.eclipse.equinox.p2.discovery.nl_zh" unpack="false" version="4.8.0.v20180815020001" download-size="3531" install-size="3531" />
	<plugin fragment="true" id="org.eclipse.equinox.p2.engine.nl_zh" unpack="false" version="4.8.0.v20180815020001" download-size="2592" install-size="2592" />
	<plugin fragment="true" id="org.eclipse.equinox.p2.examples.rcp.cloud.nl_zh" unpack="false" version="4.8.0.v20180815020001" download-size="1508" install-size="1508" />
	<plugin fragment="true" id="org.eclipse.equinox.p2.examples.rcp.discovery.nl_zh" unpack="false" version="4.8.0.v20180815020001" download-size="1512" install-size="1512" />
	<plugin fragment="true" id="org.eclipse.equinox.p2.examples.rcp.sdkbundlevisibility.nl_zh" unpack="false" version="4.8.0.v20180815020001" download-size="3286" install-size="3286" />
	<plugin fragment="true" id="org.eclipse.equinox.p2.extensionlocation.nl_zh" unpack="false" version="4.8.0.v20180815020001" download-size="2745" install-size="2745" />
	<plugin fragment="true" id="org.eclipse.equinox.p2.garbagecollector.nl_zh" unpack="false" version="4.8.0.v20180815020001" download-size="2509" install-size="2509" />
	<plugin fragment="true" id="org.eclipse.equinox.p2.installer.nl_zh" unpack="false" version="4.8.0.v20180815020001" download-size="2990" install-size="2990" />
	<plugin fragment="true" id="org.eclipse.equinox.p2.jarprocessor.nl_zh" unpack="false" version="4.8.0.v20180815020001" download-size="1385" install-size="1385" />
	<plugin fragment="true" id="org.eclipse.equinox.p2.metadata.nl_zh" unpack="false" version="4.8.0.v20180815020001" download-size="2440" install-size="2440" />
	<plugin fragment="true" id="org.eclipse.equinox.p2.metadata.repository.nl_zh" unpack="false" version="4.8.0.v20180815020001" download-size="2909" install-size="2909" />
	<plugin fragment="true" id="org.eclipse.equinox.p2.operations.nl_zh" unpack="false" version="4.8.0.v20180815020001" download-size="2899" install-size="2899" />
	<plugin fragment="true" id="org.eclipse.equinox.p2.publisher.eclipse.nl_zh" unpack="false" version="4.8.0.v20180815020001" download-size="3587" install-size="3587" />
	<plugin fragment="true" id="org.eclipse.equinox.p2.publisher.nl_zh" unpack="false" version="4.8.0.v20180815020001" download-size="1382" install-size="1382" />
	<plugin fragment="true" id="org.eclipse.equinox.p2.reconciler.dropins.nl_zh" unpack="false" version="4.8.0.v20180815020001" download-size="2989" install-size="2989" />
	<plugin fragment="true" id="org.eclipse.equinox.p2.repository.nl_zh" unpack="false" version="4.8.0.v20180815020001" download-size="4855" install-size="4855" />
	<plugin fragment="true" id="org.eclipse.equinox.p2.repository.tools.nl_zh" unpack="false" version="4.8.0.v20180815020001" download-size="4781" install-size="4781" />
	<plugin fragment="true" id="org.eclipse.equinox.p2.tests.discovery.nl_zh" unpack="false" version="4.8.0.v20180815020001" download-size="1505" install-size="1505" />
	<plugin fragment="true" id="org.eclipse.equinox.p2.tests.ui.nl_zh" unpack="false" version="4.8.0.v20180815020001" download-size="1381" install-size="1381" />
	<plugin fragment="true" id="org.eclipse.equinox.p2.tests.verifier.nl_zh" unpack="false" version="4.8.0.v20180815020001" download-size="4786" install-size="4786" />
	<plugin fragment="true" id="org.eclipse.equinox.p2.touchpoint.eclipse.nl_zh" unpack="false" version="4.8.0.v20180815020001" download-size="3951" install-size="3951" />
	<plugin fragment="true" id="org.eclipse.equinox.p2.touchpoint.natives.nl_zh" unpack="false" version="4.8.0.v20180815020001" download-size="3242" install-size="3242" />
	<plugin fragment="true" id="org.eclipse.equinox.p2.transport.ecf.nl_zh" unpack="false" version="4.8.0.v20180815020001" download-size="3554" install-size="3554" />
	<plugin fragment="true" id="org.eclipse.equinox.p2.ui.admin.nl_zh" unpack="false" version="4.8.0.v20180815020001" download-size="2931" install-size="2931" />
	<plugin fragment="true" id="org.eclipse.equinox.p2.ui.admin.rcp.nl_zh" unpack="false" version="4.8.0.v20180815020001" download-size="3006" install-size="3006" />
	<plugin fragment="true" id="org.eclipse.equinox.p2.ui.discovery.nl_zh" unpack="false" version="4.8.0.v20180815020001" download-size="4709" install-size="4709" />
	<plugin fragment="true" id="org.eclipse.equinox.p2.ui.importexport.nl_zh" unpack="false" version="4.8.0.v20180815020001" download-size="3164" install-size="3164" />
	<plugin fragment="true" id="org.eclipse.equinox.p2.ui.nl_zh" unpack="false" version="4.8.0.v20180815020001" download-size="4631" install-size="4631" />
	<plugin fragment="true" id="org.eclipse.equinox.p2.ui.sdk.nl_zh" unpack="false" version="4.8.0.v20180815020001" download-size="3194" install-size="3194" />
	<plugin fragment="true" id="org.eclipse.equinox.p2.ui.sdk.scheduler.nl_zh" unpack="false" version="4.8.0.v20180815020001" download-size="4459" install-size="4459" />
	<plugin fragment="true" id="org.eclipse.equinox.p2.updatechecker.nl_zh" unpack="false" version="4.8.0.v20180815020001" download-size="1384" install-size="1384" />
	<plugin fragment="true" id="org.eclipse.equinox.p2.updatesite.nl_zh" unpack="false" version="4.8.0.v20180815020001" download-size="2903" install-size="2903" />
	<plugin fragment="true" id="org.eclipse.equinox.simpleconfigurator.manipulator.nl_zh" unpack="false" version="4.8.0.v20180815020001" download-size="1447" install-size="1447" />
	<plugin fragment="true" id="org.eclipse.equinox.simpleconfigurator.nl_zh" unpack="false" version="4.8.0.v20180815020001" download-size="1426" install-size="1426" />
	<plugin fragment="true" id="org.eclipse.help.base.nl_zh" unpack="false" version="4.8.0.v20180815020001" download-size="3913" install-size="3913" />
	<plugin fragment="true" id="org.eclipse.help.nl_zh" unpack="false" version="4.8.0.v20180815020001" download-size="1547" install-size="1547" />
	<plugin fragment="true" id="org.eclipse.help.ui.nl_zh" unpack="false" version="4.8.0.v20180815020001" download-size="6468" install-size="6468" />
	<plugin fragment="true" id="org.eclipse.help.webapp.nl_zh" unpack="false" version="4.8.0.v20180815020001" download-size="4894" install-size="4894" />
	<plugin fragment="true" id="org.eclipse.jdt.annotation.nl_zh" unpack="false" version="4.8.0.v20180815020001" download-size="1434" install-size="1434" />
	<plugin fragment="true" id="org.eclipse.jdt.annotation_v1.nl_zh" unpack="false" version="4.8.0.v20180815020001" download-size="1437" install-size="1437" />
	<plugin fragment="true" id="org.eclipse.jdt.apt.core.nl_zh" unpack="false" version="4.8.0.v20180815020001" download-size="3947" install-size="3947" />
	<plugin fragment="true" id="org.eclipse.jdt.apt.pluggable.core.nl_zh" unpack="false" version="4.8.0.v20180815020001" download-size="1475" install-size="1475" />
	<plugin fragment="true" id="org.eclipse.jdt.apt.ui.nl_zh" unpack="false" version="4.8.0.v20180815020001" download-size="4634" install-size="4634" />
	<plugin fragment="true" id="org.eclipse.jdt.astview.nl_zh" unpack="false" version="4.8.0.v20180815020001" download-size="1427" install-size="1427" />
	<plugin fragment="true" id="org.eclipse.jdt.compiler.apt.nl_zh" unpack="false" version="4.8.0.v20180815020001" download-size="1445" install-size="1445" />
	<plugin fragment="true" id="org.eclipse.jdt.compiler.tool.nl_zh" unpack="false" version="4.8.0.v20180815020001" download-size="1458" install-size="1458" />
	<plugin fragment="true" id="org.eclipse.jdt.core.manipulation.nl_zh" unpack="false" version="4.8.0.v20180815020001" download-size="5195" install-size="5195" />
	<plugin fragment="true" id="org.eclipse.jdt.core.nl_zh" unpack="false" version="4.8.0.v20180815020001" download-size="28061" install-size="28061" />
	<plugin fragment="true" id="org.eclipse.jdt.core.tests.builder.nl_zh" unpack="false" version="4.8.0.v20180815020001" download-size="1422" install-size="1422" />
	<plugin fragment="true" id="org.eclipse.jdt.core.tests.compiler.nl_zh" unpack="false" version="4.8.0.v20180815020001" download-size="1422" install-size="1422" />
	<plugin fragment="true" id="org.eclipse.jdt.core.tests.model.nl_zh" unpack="false" version="4.8.0.v20180815020001" download-size="11376" install-size="11376" />
	<plugin fragment="true" id="org.eclipse.jdt.core.tests.performance.nl_zh" unpack="false" version="4.8.0.v20180815020001" download-size="1433" install-size="1433" />
	<plugin fragment="true" id="org.eclipse.jdt.debug.nl_zh" unpack="false" version="4.8.0.v20180815020001" download-size="23347" install-size="23347" />
	<plugin fragment="true" id="org.eclipse.jdt.debug.ui.nl_zh" unpack="false" version="4.8.0.v20180815020001" download-size="33536" install-size="33536" />
	<plugin fragment="true" id="org.eclipse.jdt.doc.isv.nl_zh" unpack="false" version="4.8.0.v20180815020001" download-size="1427" install-size="1427" />
	<plugin fragment="true" id="org.eclipse.jdt.doc.user.nl_zh" unpack="false" version="4.8.0.v20180815020001" download-size="1425" install-size="1425" />
	<plugin fragment="true" id="org.eclipse.jdt.jeview.nl_zh" unpack="false" version="4.8.0.v20180815020001" download-size="1417" install-size="1417" />
	<plugin fragment="true" id="org.eclipse.jdt.junit.core.nl_zh" unpack="false" version="4.8.0.v20180815020001" download-size="4415" install-size="4415" />
	<plugin fragment="true" id="org.eclipse.jdt.junit.nl_zh" unpack="false" version="4.8.0.v20180815020001" download-size="10330" install-size="10330" />
	<plugin fragment="true" id="org.eclipse.jdt.junit.runtime.nl_zh" unpack="false" version="4.8.0.v20180815020001" download-size="3002" install-size="3002" />
	<plugin fragment="true" id="org.eclipse.jdt.junit4.runtime.nl_zh" unpack="false" version="4.8.0.v20180815020001" download-size="1441" install-size="1441" />
	<plugin fragment="true" id="org.eclipse.jdt.junit5.runtime.nl_zh" unpack="false" version="4.8.0.v20180815020001" download-size="1380" install-size="1380" />
	<plugin fragment="true" id="org.eclipse.jdt.launching.macosx.nl_zh" unpack="false" version="4.8.0.v20180815020001" download-size="2579" install-size="2579" />
	<plugin fragment="true" id="org.eclipse.jdt.launching.nl_zh" unpack="false" version="4.8.0.v20180815020001" download-size="7772" install-size="7772" />
	<plugin fragment="true" id="org.eclipse.jdt.launching.ui.macosx.nl_zh" unpack="false" version="4.8.0.v20180815020001" download-size="3298" install-size="3298" />
	<plugin fragment="true" id="org.eclipse.jdt.nl_zh" unpack="false" version="4.8.0.v20180815020001" download-size="2866" install-size="2866" />
	<plugin fragment="true" id="org.eclipse.jdt.ui.examples.javafamily.nl_zh" unpack="false" version="4.8.0.v20180815020001" download-size="2948" install-size="2948" />
	<plugin fragment="true" id="org.eclipse.jdt.ui.examples.projects.nl_zh" unpack="false" version="4.8.0.v20180815020001" download-size="2837" install-size="2837" />
	<plugin fragment="true" id="org.eclipse.jdt.ui.nl_zh" unpack="false" version="4.8.0.v20180815020001" download-size="180496" install-size="180496" />
	<plugin fragment="true" id="org.eclipse.jdt.ui.tests.refactoring.nl_zh" unpack="false" version="4.8.0.v20180815020001" download-size="1428" install-size="1428" />
	<plugin fragment="true" id="org.eclipse.jface.databinding.nl_zh" unpack="false" version="4.8.0.v20180815020001" download-size="1442" install-size="1442" />
	<plugin fragment="true" id="org.eclipse.jface.examples.databinding.nl_zh" unpack="false" version="4.8.0.v20180815020001" download-size="1433" install-size="1433" />
	<plugin fragment="true" id="org.eclipse.jface.nl_zh" unpack="false" version="4.8.0.v20180815020001" download-size="6479" install-size="6479" />
	<plugin fragment="true" id="org.eclipse.jface.tests.databinding.conformance.nl_zh" unpack="false" version="4.8.0.v20180815020001" download-size="1461" install-size="1461" />
	<plugin fragment="true" id="org.eclipse.jface.tests.databinding.nl_zh" unpack="false" version="4.8.0.v20180815020001" download-size="1431" install-size="1431" />
	<plugin fragment="true" id="org.eclipse.jface.text.nl_zh" unpack="false" version="4.8.0.v20180815020001" download-size="12769" install-size="12769" />
	<plugin fragment="true" id="org.eclipse.jsch.core.nl_zh" unpack="false" version="4.8.0.v20180815020001" download-size="2547" install-size="2547" />
	<plugin fragment="true" id="org.eclipse.jsch.ui.nl_zh" unpack="false" version="4.8.0.v20180815020001" download-size="4102" install-size="4102" />
	<plugin fragment="true" id="org.eclipse.ltk.core.refactoring.nl_zh" unpack="false" version="4.8.0.v20180815020001" download-size="5670" install-size="5670" />
	<plugin fragment="true" id="org.eclipse.ltk.ui.refactoring.nl_zh" unpack="false" version="4.8.0.v20180815020001" download-size="8520" install-size="8520" />
	<plugin fragment="true" id="org.eclipse.newMultiEditor.nl_zh" unpack="false" version="4.8.0.v20180815020001" download-size="1432" install-size="1432" />
	<plugin fragment="true" id="org.eclipse.osgi.compatibility.state.nl_zh" unpack="false" version="4.8.0.v20180815020001" download-size="3125" install-size="3125" />
	<plugin fragment="true" id="org.eclipse.osgi.nl_zh" unpack="false" version="4.8.0.v20180815020001" download-size="6210" install-size="6210" />
	<plugin fragment="true" id="org.eclipse.osgi.services.nl_zh" unpack="false" version="4.8.0.v20180815020001" download-size="1451" install-size="1451" />
	<plugin fragment="true" id="org.eclipse.osgi.util.nl_zh" unpack="false" version="4.8.0.v20180815020001" download-size="1447" install-size="1447" />
	<plugin fragment="true" id="org.eclipse.pde.api.tools.annotations.nl_zh" unpack="false" version="4.8.0.v20180815020001" download-size="1611" install-size="1611" />
	<plugin fragment="true" id="org.eclipse.pde.api.tools.ee.cdcfoundation10.nl_zh" unpack="false" version="4.8.0.v20180815020001" download-size="1485" install-size="1485" />
	<plugin fragment="true" id="org.eclipse.pde.api.tools.ee.cdcfoundation11.nl_zh" unpack="false" version="4.8.0.v20180815020001" download-size="1484" install-size="1484" />
	<plugin fragment="true" id="org.eclipse.pde.api.tools.ee.j2se12.nl_zh" unpack="false" version="4.8.0.v20180815020001" download-size="1448" install-size="1448" />
	<plugin fragment="true" id="org.eclipse.pde.api.tools.ee.j2se13.nl_zh" unpack="false" version="4.8.0.v20180815020001" download-size="1449" install-size="1449" />
	<plugin fragment="true" id="org.eclipse.pde.api.tools.ee.j2se14.nl_zh" unpack="false" version="4.8.0.v20180815020001" download-size="1449" install-size="1449" />
	<plugin fragment="true" id="org.eclipse.pde.api.tools.ee.j2se15.nl_zh" unpack="false" version="4.8.0.v20180815020001" download-size="1449" install-size="1449" />
	<plugin fragment="true" id="org.eclipse.pde.api.tools.ee.javase16.nl_zh" unpack="false" version="4.8.0.v20180815020001" download-size="1456" install-size="1456" />
	<plugin fragment="true" id="org.eclipse.pde.api.tools.ee.javase17.nl_zh" unpack="false" version="4.8.0.v20180815020001" download-size="1456" install-size="1456" />
	<plugin fragment="true" id="org.eclipse.pde.api.tools.ee.javase18.nl_zh" unpack="false" version="4.8.0.v20180815020001" download-size="1843" install-size="1843" />
	<plugin fragment="true" id="org.eclipse.pde.api.tools.ee.javase9.nl_zh" unpack="false" version="4.8.0.v20180815020001" download-size="1806" install-size="1806" />
	<plugin fragment="true" id="org.eclipse.pde.api.tools.ee.jre11.nl_zh" unpack="false" version="4.8.0.v20180815020001" download-size="1396" install-size="1396" />
	<plugin fragment="true" id="org.eclipse.pde.api.tools.ee.osgiminimum10.nl_zh" unpack="false" version="4.8.0.v20180815020001" download-size="1420" install-size="1420" />
	<plugin fragment="true" id="org.eclipse.pde.api.tools.ee.osgiminimum11.nl_zh" unpack="false" version="4.8.0.v20180815020001" download-size="1417" install-size="1417" />
	<plugin fragment="true" id="org.eclipse.pde.api.tools.ee.osgiminimum12.nl_zh" unpack="false" version="4.8.0.v20180815020001" download-size="1417" install-size="1417" />
	<plugin fragment="true" id="org.eclipse.pde.api.tools.generator.nl_zh" unpack="false" version="4.8.0.v20180815020001" download-size="1821" install-size="1821" />
	<plugin fragment="true" id="org.eclipse.pde.api.tools.nl_zh" unpack="false" version="4.8.0.v20180815020001" download-size="14555" install-size="14555" />
	<plugin fragment="true" id="org.eclipse.pde.api.tools.ui.nl_zh" unpack="false" version="4.8.0.v20180815020001" download-size="13059" install-size="13059" />
	<plugin fragment="true" id="org.eclipse.pde.build.nl_zh" unpack="false" version="4.8.0.v20180815020001" download-size="6206" install-size="6206" />
	<plugin fragment="true" id="org.eclipse.pde.core.nl_zh" unpack="false" version="4.8.0.v20180815020001" download-size="9306" install-size="9306" />
	<plugin fragment="true" id="org.eclipse.pde.doc.user.nl_zh" unpack="false" version="4.8.0.v20180815020001" download-size="1413" install-size="1413" />
	<plugin fragment="true" id="org.eclipse.pde.ds.annotations.nl_zh" unpack="false" version="4.8.0.v20180815020001" download-size="2797" install-size="2797" />
	<plugin fragment="true" id="org.eclipse.pde.ds.core.nl_zh" unpack="false" version="4.8.0.v20180815020001" download-size="2745" install-size="2745" />
	<plugin fragment="true" id="org.eclipse.pde.ds.lib.nl_zh" unpack="false" version="4.8.0.v20180815020001" download-size="1603" install-size="1603" />
	<plugin fragment="true" id="org.eclipse.pde.ds.ui.nl_zh" unpack="false" version="4.8.0.v20180815020001" download-size="3149" install-size="3149" />
	<plugin fragment="true" id="org.eclipse.pde.ds1_2.lib.nl_zh" unpack="false" version="4.8.0.v20180815020001" download-size="1605" install-size="1605" />
	<plugin fragment="true" id="org.eclipse.pde.genericeditor.extension.nl_zh" unpack="false" version="4.8.0.v20180815020001" download-size="1485" install-size="1485" />
	<plugin fragment="true" id="org.eclipse.pde.junit.runtime.nl_zh" unpack="false" version="4.8.0.v20180815020001" download-size="1421" install-size="1421" />
	<plugin fragment="true" id="org.eclipse.pde.launching.nl_zh" unpack="false" version="4.8.0.v20180815020001" download-size="3308" install-size="3308" />
	<plugin fragment="true" id="org.eclipse.pde.nl_zh" unpack="false" version="4.8.0.v20180815020001" download-size="2570" install-size="2570" />
	<plugin fragment="true" id="org.eclipse.pde.runtime.nl_zh" unpack="false" version="4.8.0.v20180815020001" download-size="3728" install-size="3728" />
	<plugin fragment="true" id="org.eclipse.pde.ua.core.nl_zh" unpack="false" version="4.8.0.v20180815020001" download-size="1481" install-size="1481" />
	<plugin fragment="true" id="org.eclipse.pde.ua.ui.nl_zh" unpack="false" version="4.8.0.v20180815020001" download-size="16102" install-size="16102" />
	<plugin fragment="true" id="org.eclipse.pde.ui.nl_zh" unpack="false" version="4.8.0.v20180815020001" download-size="41085" install-size="41085" />
	<plugin fragment="true" id="org.eclipse.pde.ui.templates.nl_zh" unpack="false" version="4.8.0.v20180815020001" download-size="9491" install-size="9491" />
	<plugin fragment="true" id="org.eclipse.platform.doc.isv.nl_zh" unpack="false" version="4.8.0.v20180815020001" download-size="1433" install-size="1433" />
	<plugin fragment="true" id="org.eclipse.platform.doc.user.nl_zh" unpack="false" version="4.8.0.v20180815020001" download-size="1403" install-size="1403" />
	<plugin fragment="true" id="org.eclipse.platform.nl_zh" unpack="false" version="4.8.0.v20180815020001" download-size="3586" install-size="3586" />
	<plugin fragment="true" id="org.eclipse.sdk.nl_zh" unpack="false" version="4.8.0.v20180815020001" download-size="2835" install-size="2835" />
	<plugin fragment="true" id="org.eclipse.search.nl_zh" unpack="false" version="4.8.0.v20180815020001" download-size="9067" install-size="9067" />
	<plugin fragment="true" id="org.eclipse.swt.examples.browser.demos.nl_zh" unpack="false" version="4.8.0.v20180815020001" download-size="2149" install-size="2149" />
	<plugin fragment="true" id="org.eclipse.swt.examples.launcher.nl_zh" unpack="false" version="4.8.0.v20180815020001" download-size="2229" install-size="2229" />
	<plugin fragment="true" id="org.eclipse.swt.examples.nl_zh" unpack="false" version="4.8.0.v20180815020001" download-size="19830" install-size="19830" />
	<plugin fragment="true" id="org.eclipse.swt.examples.ole.win32.nl_zh" unpack="false" version="4.8.0.v20180815020001" download-size="2416" install-size="2416" />
	<plugin fragment="true" id="org.eclipse.swt.examples.views.nl_zh" unpack="false" version="4.8.0.v20180815020001" download-size="2496" install-size="2496" />
	<plugin fragment="true" id="org.eclipse.swt.fragments.localbuild.nl_zh" unpack="false" version="4.8.0.v20180815020001" download-size="1381" install-size="1381" />
	<plugin fragment="true" id="org.eclipse.swt.nl_zh" unpack="false" version="4.8.0.v20180815020001" download-size="3227" install-size="3227" />
	<plugin fragment="true" id="org.eclipse.swt.opengl.examples.nl_zh" unpack="false" version="4.8.0.v20180815020001" download-size="1869" install-size="1869" />
	<plugin fragment="true" id="org.eclipse.swt.snippets.nl_zh" unpack="false" version="4.8.0.v20180815020001" download-size="1377" install-size="1377" />
	<plugin fragment="true" id="org.eclipse.swt.tools.base.nl_zh" unpack="false" version="4.8.0.v20180815020001" download-size="1408" install-size="1408" />
	<plugin fragment="true" id="org.eclipse.swt.tools.nl_zh" unpack="false" version="4.8.0.v20180815020001" download-size="1516" install-size="1516" />
	<plugin fragment="true" id="org.eclipse.swt.tools.spies.nl_zh" unpack="false" version="4.8.0.v20180815020001" download-size="1444" install-size="1444" />
	<plugin fragment="true" id="org.eclipse.team.core.nl_zh" unpack="false" version="4.8.0.v20180815020001" download-size="4906" install-size="4906" />
	<plugin fragment="true" id="org.eclipse.team.cvs.core.nl_zh" unpack="false" version="4.8.0.v20180815020001" download-size="8530" install-size="8530" />
	<plugin fragment="true" id="org.eclipse.team.cvs.ssh2.nl_zh" unpack="false" version="4.8.0.v20180815020001" download-size="3724" install-size="3724" />
	<plugin fragment="true" id="org.eclipse.team.cvs.ui.nl_zh" unpack="false" version="4.8.0.v20180815020001" download-size="27403" install-size="27403" />
	<plugin fragment="true" id="org.eclipse.team.examples.filesystem.nl_zh" unpack="false" version="4.8.0.v20180815020001" download-size="3357" install-size="3357" />
	<plugin fragment="true" id="org.eclipse.team.genericeditor.diff.extension.nl_zh" unpack="false" version="4.8.0.v20180815020001" download-size="1477" install-size="1477" />
	<plugin fragment="true" id="org.eclipse.team.tests.core.nl_zh" unpack="false" version="4.8.0.v20180815020001" download-size="1362" install-size="1362" />
	<plugin fragment="true" id="org.eclipse.team.tests.cvs.core.nl_zh" unpack="false" version="4.8.0.v20180815020001" download-size="1568" install-size="1568" />
	<plugin fragment="true" id="org.eclipse.team.ui.nl_zh" unpack="false" version="4.8.0.v20180815020001" download-size="14447" install-size="14447" />
	<plugin fragment="true" id="org.eclipse.text.nl_zh" unpack="false" version="4.8.0.v20180815020001" download-size="4350" install-size="4350" />
	<plugin fragment="true" id="org.eclipse.tips.core.nl_zh" unpack="false" version="4.8.0.v20180815020001" download-size="1585" install-size="1585" />
	<plugin fragment="true" id="org.eclipse.tips.ide.nl_zh" unpack="false" version="4.8.0.v20180815020001" download-size="2432" install-size="2432" />
	<plugin fragment="true" id="org.eclipse.tips.json.nl_zh" unpack="false" version="4.8.0.v20180815020001" download-size="1585" install-size="1585" />
	<plugin fragment="true" id="org.eclipse.tips.ui.nl_zh" unpack="false" version="4.8.0.v20180815020001" download-size="2446" install-size="2446" />
	<plugin fragment="true" id="org.eclipse.tools.layout.spy.nl_zh" unpack="false" version="4.8.0.v20180815020001" download-size="2706" install-size="2706" />
	<plugin fragment="true" id="org.eclipse.ui.browser.nl_zh" unpack="false" version="4.8.0.v20180815020001" download-size="3776" install-size="3776" />
	<plugin fragment="true" id="org.eclipse.ui.cheatsheets.nl_zh" unpack="false" version="4.8.0.v20180815020001" download-size="5989" install-size="5989" />
	<plugin fragment="true" id="org.eclipse.ui.cocoa.nl_zh" unpack="false" version="4.8.0.v20180815020001" download-size="1451" install-size="1451" />
	<plugin fragment="true" id="org.eclipse.ui.console.nl_zh" unpack="false" version="4.8.0.v20180815020001" download-size="3637" install-size="3637" />
	<plugin fragment="true" id="org.eclipse.ui.editors.nl_zh" unpack="false" version="4.8.0.v20180815020001" download-size="14377" install-size="14377" />
	<plugin fragment="true" id="org.eclipse.ui.examples.contributions.nl_zh" unpack="false" version="4.8.0.v20180815020001" download-size="3516" install-size="3516" />
	<plugin fragment="true" id="org.eclipse.ui.examples.fieldassist.nl_zh" unpack="false" version="4.8.0.v20180815020001" download-size="3833" install-size="3833" />
	<plugin fragment="true" id="org.eclipse.ui.examples.javaeditor.nl_zh" unpack="false" version="4.8.0.v20180815020001" download-size="4268" install-size="4268" />
	<plugin fragment="true" id="org.eclipse.ui.examples.job.nl_zh" unpack="false" version="4.8.0.v20180815020001" download-size="1380" install-size="1380" />
	<plugin fragment="true" id="org.eclipse.ui.examples.multipageeditor.nl_zh" unpack="false" version="4.8.0.v20180815020001" download-size="2493" install-size="2493" />
	<plugin fragment="true" id="org.eclipse.ui.examples.navigator.nl_zh" unpack="false" version="4.8.0.v20180815020001" download-size="1433" install-size="1433" />
	<plugin fragment="true" id="org.eclipse.ui.examples.propertysheet.nl_zh" unpack="false" version="4.8.0.v20180815020001" download-size="3613" install-size="3613" />
	<plugin fragment="true" id="org.eclipse.ui.examples.readmetool.nl_zh" unpack="false" version="4.8.0.v20180815020001" download-size="4637" install-size="4637" />
	<plugin fragment="true" id="org.eclipse.ui.examples.undo.nl_zh" unpack="false" version="4.8.0.v20180815020001" download-size="2906" install-size="2906" />
	<plugin fragment="true" id="org.eclipse.ui.examples.views.properties.tabbed.article.nl_zh" unpack="false" version="4.8.0.v20180815020001" download-size="1537" install-size="1537" />
	<plugin fragment="true" id="org.eclipse.ui.externaltools.nl_zh" unpack="false" version="4.8.0.v20180815020001" download-size="9140" install-size="9140" />
	<plugin fragment="true" id="org.eclipse.ui.forms.examples.nl_zh" unpack="false" version="4.8.0.v20180815020001" download-size="1467" install-size="1467" />
	<plugin fragment="true" id="org.eclipse.ui.forms.nl_zh" unpack="false" version="4.8.0.v20180815020001" download-size="2426" install-size="2426" />
	<plugin fragment="true" id="org.eclipse.ui.genericeditor.nl_zh" unpack="false" version="4.8.0.v20180815020001" download-size="2423" install-size="2423" />
	<plugin fragment="true" id="org.eclipse.ui.ide.application.nl_zh" unpack="false" version="4.8.0.v20180815020001" download-size="1820" install-size="1820" />
	<plugin fragment="true" id="org.eclipse.ui.ide.nl_zh" unpack="false" version="4.8.0.v20180815020001" download-size="39883" install-size="39883" />
	<plugin fragment="true" id="org.eclipse.ui.intro.nl_zh" unpack="false" version="4.8.0.v20180815020001" download-size="4028" install-size="4028" />
	<plugin fragment="true" id="org.eclipse.ui.intro.quicklinks.examples.nl_zh" unpack="false" version="4.8.0.v20180815020001" download-size="1387" install-size="1387" />
	<plugin fragment="true" id="org.eclipse.ui.intro.quicklinks.nl_zh" unpack="false" version="4.8.0.v20180815020001" download-size="1435" install-size="1435" />
	<plugin fragment="true" id="org.eclipse.ui.intro.universal.nl_zh" unpack="false" version="4.8.0.v20180815020001" download-size="15443" install-size="15443" />
	<plugin fragment="true" id="org.eclipse.ui.monitoring.nl_zh" unpack="false" version="4.8.0.v20180815020001" download-size="2962" install-size="2962" />
	<plugin fragment="true" id="org.eclipse.ui.navigator.nl_zh" unpack="false" version="4.8.0.v20180815020001" download-size="4294" install-size="4294" />
	<plugin fragment="true" id="org.eclipse.ui.navigator.resources.nl_zh" unpack="false" version="4.8.0.v20180815020001" download-size="4133" install-size="4133" />
	<plugin fragment="true" id="org.eclipse.ui.net.nl_zh" unpack="false" version="4.8.0.v20180815020001" download-size="2850" install-size="2850" />
	<plugin fragment="true" id="org.eclipse.ui.nl_zh" unpack="false" version="4.8.0.v20180815020001" download-size="6289" install-size="6289" />
	<plugin fragment="true" id="org.eclipse.ui.tests.navigator.nl_zh" unpack="false" version="4.8.0.v20180815020001" download-size="1520" install-size="1520" />
	<plugin fragment="true" id="org.eclipse.ui.tests.rcp.nl_zh" unpack="false" version="4.8.0.v20180815020001" download-size="1406" install-size="1406" />
	<plugin fragment="true" id="org.eclipse.ui.tests.views.properties.tabbed.nl_zh" unpack="false" version="4.8.0.v20180815020001" download-size="1554" install-size="1554" />
	<plugin fragment="true" id="org.eclipse.ui.themes.nl_zh" unpack="false" version="4.8.0.v20180815020001" download-size="1435" install-size="1435" />
	<plugin fragment="true" id="org.eclipse.ui.trace.nl_zh" unpack="false" version="4.8.0.v20180815020001" download-size="2965" install-size="2965" />
	<plugin fragment="true" id="org.eclipse.ui.views.log.nl_zh" unpack="false" version="4.8.0.v20180815020001" download-size="4066" install-size="4066" />
	<plugin fragment="true" id="org.eclipse.ui.views.nl_zh" unpack="false" version="4.8.0.v20180815020001" download-size="3338" install-size="3338" />
	<plugin fragment="true" id="org.eclipse.ui.views.properties.tabbed.nl_zh" unpack="false" version="4.8.0.v20180815020001" download-size="3209" install-size="3209" />
	<plugin fragment="true" id="org.eclipse.ui.win32.nl_zh" unpack="false" version="4.8.0.v20180815020001" download-size="2781" install-size="2781" />
	<plugin fragment="true" id="org.eclipse.ui.workbench.nl_zh" unpack="false" version="4.8.0.v20180815020001" download-size="30022" install-size="30022" />
	<plugin fragment="true" id="org.eclipse.ui.workbench.texteditor.nl_zh" unpack="false" version="4.8.0.v20180815020001" download-size="14792" install-size="14792" />
	<plugin fragment="true" id="org.eclipse.update.configurator.nl_zh" unpack="false" version="4.8.0.v20180815020001" download-size="3519" install-size="3519" />
	<plugin fragment="true" id="org.example.releng.nl_zh" unpack="false" version="4.8.0.v20180815020001" download-size="1690" install-size="1690" />
</feature>